,CML vs CML+PFAS,,,CNF vs CL,,,CNF vs CML,,,CNF vs CML+PFAS,,,log2 expression in each condition,,,,protein functions,,
protein ID,CML_vs_CML.PFAS_p.val,CML_vs_CML.PFAS_p.adj,CML_vs_CML.PFAS_ratio,CNF_vs_CL_p.val,CNF_vs_CL_p.adj,CNF_vs_CL_ratio,CNF_vs_CML_p.val,CNF_vs_CML_p.adj,CNF_vs_CML_ratio,CNF_vs_CML.PFAS_p.val,CNF_vs_CML.PFAS_p.adj,CNF_vs_CML.PFAS_ratio,CL_centered,CML_centered,CML.PFAS_centered,CNF_centered,definition,kogdefline,iprDesc
1009508,0.199992083,0.661,-0.5,0.032773881,0.0342,-1,1,0.885,-1.24E-16,0.199992083,1,-0.5,0.625,-0.375,0.125,-0.375,NA,NA,NA
1010174,0.08723542,0.385,1,1,0.905,1.57E-16,0.025011967,0.0448,-1.5,0.334687451,1,-0.5,-0.5,1,0,-0.5,Phenylalanine--tRNA ligase.,Phenylalanyl-tRNA synthetase,Phenylalanyl-tRNA synthetase
1031420,0.003415084,7.96E-05,1.84,0.690903675,0.863,-0.145,0.007002988,0.000834,-1.55,0.430509837,1,0.295,-0.204,1.2,-0.645,-0.349,NA,Molecular chaperone (DnaJ superfamily),DnaJ domain
1033191,0.000171527,7.22E-15,-1,1,0.905,3.33E-16,0.000171527,9.40E-15,-1,6.59E-06,1,-2,-0.75,0.25,1.25,-0.75,NA,Uncharacterized conserved protein,Domain of unknown function DUF221
1036444,0.611272866,0.862,-0.126,0.010484422,0.000766,0.943,0.036443706,0.086,-0.666,0.020117182,1,-0.792,-1.07,0.537,0.663,-0.129,NA,Glycosyltransferase,"Glycosyl transferase, family 1"
1051855,0.000171527,7.22E-15,1,1,0.905,1.11E-16,0.000171527,9.40E-15,-1,1,1,1.11E-16,-0.25,0.75,-0.25,-0.25,Endopolyphosphatase.,Acid sphingomyelinase and PHM5 phosphate metabolism protein,"Calcineurin-like phosphoesterase domain, apaH type"
1052895,0.021052837,0.0428,1.79,0.010492381,0.000768,-2.16,0.021052837,0.0311,-1.79,1,1,1.57E-16,1.17,0.804,-0.988,-0.988,NA,"Box H/ACA snoRNP component, involved in ribosomal RNA pseudouridinylation",Ribosomal protein L7Ae/L30e/S12e/Gadd45
1063525,0.172960055,0.62,-0.848,0.018673226,0.0072,1.85,0.197545517,0.572,0.792,0.920704938,1,-0.0556,-1.2,-0.146,0.702,0.647,NADPH:quinone reductase.,Zinc-binding oxidoreductase,"Alcohol dehydrogenase, C-terminal"
1075217,0.021694493,0.0455,1.29,0.254022114,0.634,-0.5,0.021694493,0.0333,-1.29,1,1,-3.93E-17,0.0519,0.844,-0.448,-0.448,Carbonate dehydratase.,Predicted carbonic anhydrase involved in protection against oxidative damage,Carbonic anhydrase
1077942,0.009561437,0.00494,0.773,2.81E-06,1.92E-14,-4.66,5.24E-06,9.40E-15,-4.09,1.42E-05,1,-3.31,1.64,1.07,0.299,-3.02,NA,NA,NA
1080074,0.011807916,0.0096,-1.47,0.050635936,0.097,0.967,0.004587357,0.000134,1.87,0.341044528,1,0.394,-0.16,-1.06,0.413,0.807,NA,NA,"UvrD-like Helicase, ATP-binding domain"
1094609,1,0.907,0,0.007353329,0.000138,1.5,0.007353329,0.000983,1.5,0.007353329,1,1.5,-0.375,-0.375,-0.375,1.12,NA,NA,NA
1094778,1,0.907,0,0.007353329,0.000138,1.5,0.007353329,0.000983,1.5,0.007353329,1,1.5,-0.375,-0.375,-0.375,1.12,NA,NA,NA
1110316,0.007353329,0.00199,1.5,1,0.905,1.57E-16,0.007353329,0.000983,-1.5,1,1,1.57E-16,-0.375,1.12,-0.375,-0.375,NA,NA,NA
1125506,0.000171527,7.22E-15,1,1,0.905,1.11E-16,0.000171527,9.40E-15,-1,1,1,1.11E-16,-0.25,0.75,-0.25,-0.25,DNA topoisomerase (ATP-hydrolysing).,Catalytic subunit of the meiotic double strand break transesterase,"Spo11/DNA topoisomerase VI, subunit A, N-terminal"
1130146,0.000171527,7.22E-15,1,1,0.905,1.11E-16,0.000171527,9.40E-15,-1,1,1,1.11E-16,-0.25,0.75,-0.25,-0.25,NA,NA,NA
113181,0.396380832,0.804,0.784,0.012619796,0.00168,-3.27,0.049086171,0.148,-2.21,0.154572796,1,-1.42,1.54,0.482,-0.302,-1.73,NA,Ribosomal protein S4,"Ribosomal protein S4/S9, N-terminal"
1155262,0.01962682,0.0368,1.79,0.013092951,0.00195,-2,0.01962682,0.0263,-1.79,1,1,-1.57E-16,1.05,0.844,-0.948,-0.948,NA,NA,NA
1176381,0.08723542,0.385,1,1,0.905,1.57E-16,0.025011967,0.0448,-1.5,0.334687451,1,-0.5,-0.5,1,0,-0.5,Transferring groups other than amino-acyl groups.,Predicted P-loop ATPase fused to an acetyltransferase,NA
1178654,1,0.907,0,0.007353329,0.000138,1.5,0.007353329,0.000983,1.5,0.007353329,1,1.5,-0.375,-0.375,-0.375,1.12,NA,Cell growth regulatory protein CGR11,NA
119380,1,0.907,0,0.001967466,1.67E-08,1.29,0.001967466,7.92E-07,1.29,0.001967466,1,1.29,-0.323,-0.323,-0.323,0.969,NA,Cdc4 and related F-box and WD-40 proteins,WD40 repeat
1196565,0.000171527,7.22E-15,1,1,0.905,1.11E-16,0.000171527,9.40E-15,-1,1,1,1.11E-16,-0.25,0.75,-0.25,-0.25,NA,Predicted calmodulin-binding protein,NA
1205512,0.254022114,0.72,0.5,0.021694493,0.0114,-1.29,0.254022114,0.647,-0.5,1,1,-1.57E-16,0.844,0.0519,-0.448,-0.448,NA,NA,NA
1226895,0.021052837,0.0428,1.79,0.010492381,0.000768,-2.16,0.021052837,0.0311,-1.79,1,1,1.57E-16,1.17,0.804,-0.988,-0.988,NA,"Box H/ACA snoRNP component, involved in ribosomal RNA pseudouridinylation",NA
1227585,0.000171527,7.22E-15,1,1,0.905,1.11E-16,0.000171527,9.40E-15,-1,1,1,1.11E-16,-0.25,0.75,-0.25,-0.25,Endopolyphosphatase.,Acid sphingomyelinase and PHM5 phosphate metabolism protein,NA
1242344,0.000171527,7.22E-15,1,1,0.905,1.11E-16,0.000171527,9.40E-15,-1,1,1,1.11E-16,-0.25,0.75,-0.25,-0.25,NA,NA,NA
1250740,0.023608664,0.0537,2.16,0.193140096,0.544,-1,0.023608664,0.04,-2.16,1,1,0,0.21,1.37,-0.79,-0.79,NA,NA,NA
1272286,0.199992083,0.661,0.5,0.032773881,0.0342,-1,0.199992083,0.575,-0.5,1,1,0,0.625,0.125,-0.375,-0.375,NA,NA,NA
1273700,0.199992083,0.661,-0.5,0.032773881,0.0342,-1,1,0.885,-1.24E-16,0.199992083,1,-0.5,0.625,-0.375,0.125,-0.375,NA,NA,NA
1275874,0.009681732,0.00514,4.39,0.090909102,0.278,-2.23,0.009681732,0.00286,-4.39,1,1,3.53E-16,0.575,2.74,-1.66,-1.66,Triacylglycerol lipase.,Predicted lipase,NA
1276043,0.097652457,0.427,0.792,1,0.905,1.57E-16,0.021694493,0.0333,-1.29,0.254022114,1,-0.5,-0.448,0.844,0.0519,-0.448,NA,Aminopeptidases of the M20 family,NA
1276112,0.000171527,7.22E-15,1,1,0.905,1.11E-16,0.000171527,9.40E-15,-1,1,1,1.11E-16,-0.25,0.75,-0.25,-0.25,Serine C-palmitoyltransferase.,Serine palmitoyltransferase,NA
1276156,0.021694493,0.0455,1.29,0.254022114,0.634,-0.5,0.021694493,0.0333,-1.29,1,1,-3.93E-17,0.0519,0.844,-0.448,-0.448,Amidase.,Amidases,NA
1276186,0.199992083,0.661,-0.5,0.005889358,4.69E-05,-1.58,0.032773881,0.0695,-1,0.007353329,1,-1.5,0.564,-0.0212,0.479,-1.02,NA,Adaptor complexes medium subunit family,NA
1276400,1,0.907,0,0.004953437,1.78E-05,-2.29,1,0.885,-3.14E-16,1,1,-3.14E-16,1.72,-0.573,-0.573,-0.573,NA,NA,NA
1276531,0.000148675,7.22E-15,2.29,0.005789471,4.29E-05,-1,0.000148675,9.40E-15,-2.29,1,1,-7.85E-17,0.177,1.47,-0.823,-0.823,Catalase.,Catalase,NA
1276983,0.043984676,0.158,1.29,0.018760463,0.00731,-1.66,0.043984676,0.122,-1.29,1,1,-2.36E-16,0.923,0.554,-0.738,-0.738,NA,AAA+-type ATPase,NA
1277214,1,0.907,0,0.000834058,1.67E-12,-2.5,1,0.885,-3.93E-16,1,1,-3.93E-16,1.88,-0.625,-0.625,-0.625,NA,60s ribosomal protein L34,NA
1277251,0.529292164,0.845,-0.433,0.993794503,0.904,0.00523,0.024516355,0.0431,-2.07,0.012227814,1,-2.5,-1.14,0.926,1.36,-1.14,NA,Mitogen-activated protein kinase,NA
1277273,1,0.907,0,0.007353329,0.000138,-1.5,1,0.885,-1.96E-16,1,1,-1.96E-16,1.12,-0.375,-0.375,-0.375,NA,"RNA polymerase I and III, subunit RPA40/RPC40",NA
1277299,0.288590259,0.747,0.503,0.002728681,2.59E-07,2.39,0.033340266,0.0716,1.25,0.009753632,1,1.75,-1.04,0.0996,-0.403,1.35,NA,"Vesicle coat complex AP-1, gamma subunit",NA
1277596,0.254022114,0.72,-0.5,0.021694493,0.0114,-1.29,1,0.885,-1.37E-16,0.254022114,1,-0.5,0.844,-0.448,0.0519,-0.448,NA,Arylalkylamine N-acetyltransferase,NA
1277877,0.508774534,0.84,-0.271,0.011727362,0.00124,-1.5,1,0.885,3.33E-16,0.508774534,1,-0.271,1.06,-0.443,-0.172,-0.443,NA,NA,NA
1277947,0.007353329,0.00199,1.5,1,0.905,1.57E-16,0.007353329,0.000983,-1.5,1,1,1.57E-16,-0.375,1.12,-0.375,-0.375,3-dehydrosphinganine reductase.,Predicted 3-ketosphinganine reductase,NA
1278003,0.172960055,0.62,-0.848,0.018673226,0.0072,1.85,0.197545517,0.572,0.792,0.920704938,1,-0.0556,-1.2,-0.146,0.702,0.647,Oxidoreductases.,Zinc-binding oxidoreductase,NA
1278379,0.69349016,0.875,0.284,0.051508334,0.1,-1.75,0.01106557,0.00464,-2.72,0.016752363,1,-2.44,0.021,0.994,0.71,-1.72,NA,"26S proteasome regulatory complex, ATPase RPT3",NA
1279033,0.254022114,0.72,0.5,0.002225557,4.76E-08,-2.29,0.254022114,0.647,-0.5,1,1,-2.36E-16,1.59,-0.198,-0.698,-0.698,NA,Mitochondrial ribosomal protein S28,NA
1279341,0.000171527,7.22E-15,1,1,0.905,1.11E-16,0.000171527,9.40E-15,-1,1,1,1.11E-16,-0.25,0.75,-0.25,-0.25,Ubiquitin--protein ligase.,WD40 repeat-containing protein,NA
1279374,0.199992083,0.661,0.5,0.032773881,0.0342,-1,0.199992083,0.575,-0.5,1,1,-7.85E-17,0.625,0.125,-0.375,-0.375,NA,Guanine nucleotide exchange factor,NA
1279461,0.001967466,3.31E-06,1.29,0.005789471,4.29E-05,-1,0.001967466,7.92E-07,-1.29,1,1,-7.85E-17,0.427,0.719,-0.573,-0.573,NA,"Predicted carbohydrate kinase, contains PfkB domain",NA
1279522,0.740637407,0.881,0.14,0.265686659,0.649,-0.503,0.018132467,0.0215,-1.41,0.026322332,1,-1.27,-0.29,0.612,0.472,-0.793,Adenosinetriphosphatase.,Chaperone HSP104 and related ATP-dependent Clp proteases,NA
1279626,0.668095843,0.871,0.292,0.034354821,0.0385,1.88,0.15379677,0.508,1.08,0.086699109,1,1.38,-0.792,0,-0.292,1.08,NA,NA,NA
1279893,0.000171527,7.22E-15,1,1,0.905,1.11E-16,0.000171527,9.40E-15,-1,1,1,1.11E-16,-0.25,0.75,-0.25,-0.25,NA,Spliceosomal protein snRNP-U1A/U2B,NA
1280354,0.002720502,2.34E-05,3.75,0.193140096,0.544,-1,0.002720502,6.87E-06,-3.75,1,1,3.14E-16,-0.186,2.56,-1.19,-1.19,NA,Aquaporin (major intrinsic protein family),NA
1280500,0.025011967,0.0597,1.5,0.334687451,0.719,-0.5,0.025011967,0.0448,-1.5,1,1,7.85E-17,0,1,-0.5,-0.5,Xenobiotic-transporting ATPase.,"Heavy metal exporter HMT1, ABC superfamily",NA
1280621,0.007262917,0.00192,2.08,0.334687451,0.719,-0.5,0.007262917,0.000944,-2.08,1,1,7.85E-17,-0.146,1.44,-0.646,-0.646,Ubiquitin--protein ligase.,Conserved WD40 repeat-containing protein AN11,NA
1280677,0.007353329,0.00199,1.5,1,0.905,1.57E-16,0.007353329,0.000983,-1.5,1,1,1.57E-16,-0.375,1.12,-0.375,-0.375,NA,TPR repeat-containing protein,NA
1280692,1,0.907,0,0.000523113,1.92E-14,1.16,2.93E-05,9.40E-15,2.16,2.93E-05,1,2.16,0.21,-0.79,-0.79,1.37,NA,NA,NA
1280789,0.193140096,0.651,1,0.005528066,3.35E-05,-3.16,0.030816295,0.0637,-2,0.193140096,1,-1,1.62,0.46,-0.54,-1.54,NA,Serine/threonine protein kinase,NA
1281279,0.001967466,3.31E-06,1.29,1,0.905,1.18E-16,0.001967466,7.92E-07,-1.29,1,1,1.18E-16,-0.323,0.969,-0.323,-0.323,Aminopeptidases.,Puromycin-sensitive aminopeptidase and related aminopeptidases,NA
1281664,0.005858393,0.00093,1.66,1,0.905,1.37E-16,0.001936341,7.17E-07,-2.16,0.217417375,1,-0.5,-0.665,1.5,-0.165,-0.665,Xenobiotic-transporting ATPase.,"Multidrug/pheromone exporter, ABC superfamily",NA
1282087,0.056451277,0.231,-1.29,0.034544058,0.0391,-1.5,0.017643873,0.02,-1.82,0.002058756,1,-3.11,-0.106,0.214,1.5,-1.61,NA,TATA-binding protein-interacting protein,NA
1282630,1,0.907,0,0.017262342,0.00553,-1.29,0.228429553,0.616,0.5,0.228429553,1,0.5,1.22,-0.573,-0.573,-0.0731,NA,NA,NA
1283752,1,0.907,0,0.000171527,1.92E-14,-1,1,0.885,-1.57E-16,1,1,-1.57E-16,0.75,-0.25,-0.25,-0.25,NA,NA,NA
1284018,1,0.907,0,0.018000823,0.00637,-1,0.006715309,0.000718,-1.29,0.006715309,1,-1.29,0.104,0.396,0.396,-0.896,NA,"Vacuolar H+-ATPase V1 sector, subunit C",NA
1284479,0.861601473,0.895,-0.129,0.085561124,0.255,-1.52,0.009611509,0.00279,-2.93,0.008109227,1,-3.06,-0.358,1.05,1.18,-1.88,Metalloendopeptidases.,Metalloendopeptidase family - saccharolysin & thimet oligopeptidase,NA
1284654,0.199992083,0.661,0.5,0.002222006,4.69E-08,-2,0.032773881,0.0695,-1,0.199992083,1,-0.5,1.12,0.125,-0.375,-0.875,Carnitine O-acetyltransferase.,Carnitine O-acyltransferase CRAT,NA
1284991,1,0.907,0,0.001967466,1.67E-08,-1.29,1,0.885,-1.57E-16,1,1,-1.57E-16,0.969,-0.323,-0.323,-0.323,NA,NA,NA
1285014,0.007353329,0.00199,1.5,1,0.905,1.57E-16,0.007353329,0.000983,-1.5,1,1,1.57E-16,-0.375,1.12,-0.375,-0.375,NA,NA,NA
1285200,0.041694575,0.144,1.5,0.029817116,0.0275,-1.66,0.041694575,0.111,-1.5,1,1,0,0.871,0.71,-0.79,-0.79,NA,NA,NA
1285252,0.035333401,0.106,0.919,0.026576744,0.0204,-1,0.001883748,6.01E-07,-1.95,0.02362011,1,-1.03,0.00303,0.956,0.0375,-0.997,Acyl-CoA oxidase.,Acyl-CoA oxidase,NA
1285423,0.334687451,0.776,0.5,0.025011967,0.0172,-1.5,0.334687451,0.717,-0.5,1,1,-1.37E-16,1,0,-0.5,-0.5,NA,Putative steroid membrane receptor Hpr6.6/25-Dx,NA
1285836,0.007353329,0.00199,1.5,1,0.905,1.57E-16,0.007353329,0.000983,-1.5,1,1,1.57E-16,-0.375,1.12,-0.375,-0.375,NA,"RNA-binding protein RBM5 and related proteins, contain G-patch and RRM domains",NA
1285994,0.199992083,0.661,0.5,0.032773881,0.0342,-1,0.199992083,0.575,-0.5,1,1,0,0.625,0.125,-0.375,-0.375,Carboxypeptidase D.,Serine carboxypeptidases (lysosomal cathepsin A),NA
1286293,0.025011967,0.0597,1.5,0.334687451,0.719,-0.5,0.025011967,0.0448,-1.5,1,1,7.85E-17,0,1,-0.5,-0.5,NA,Predicted hydrolase/acyltransferase (alpha/beta hydrolase superfamily),NA
1286604,6.59E-06,7.22E-15,2,1,0.905,2.22E-16,6.59E-06,9.40E-15,-2,1,1,2.22E-16,-0.5,1.5,-0.5,-0.5,NA,NA,NA
1286855,0.004953437,0.000472,2.29,1,0.905,7.85E-17,0.004953437,0.000194,-2.29,1,1,7.85E-17,-0.573,1.72,-0.573,-0.573,Carboxypeptidase C.,Serine carboxypeptidases (lysosomal cathepsin A),NA
1287082,0.199992083,0.661,0.5,0.032773881,0.0342,1,1,0.885,1.11E-16,0.199992083,1,0.5,-0.625,0.375,-0.125,0.375,NA,"U1 snRNP complex, subunit SNU71 and related PWI-motif proteins",NA
1287341,0.078789265,0.348,-1.21,0.061435231,0.145,-1.32,0.013695136,0.00947,-2.06,0.002095103,1,-3.28,-0.344,0.399,1.61,-1.67,Coproporphyrinogen oxidase.,Coproporphyrinogen III oxidase CPO/HEM13,NA
1287342,1,0.907,0,0.000171527,1.92E-14,-1,1,0.885,-1.57E-16,1,1,-1.57E-16,0.75,-0.25,-0.25,-0.25,NA,Molecular chaperone (DnaJ superfamily),NA
1287379,0.140457545,0.555,1.29,0.01437359,0.00281,-2.75,0.027490307,0.0532,-2.29,0.232798365,1,-1,1.24,0.783,-0.51,-1.51,NA,Aldo/keto reductase family proteins,NA
1287810,0.000171527,7.22E-15,1,1,0.905,1.11E-16,0.000171527,9.40E-15,-1,1,1,1.11E-16,-0.25,0.75,-0.25,-0.25,Alpha-amylase.,Alpha-amylase,NA
1287858,0.092882946,0.408,-0.731,0.863462821,0.89,-0.0634,0.002958704,1.15E-05,-1.94,0.000730598,1,-2.67,-1.11,0.772,1.5,-1.17,Phosphorylase.,Glycogen phosphorylase,NA
1288059,1,0.907,0,0.001200121,1.35E-10,-3.49,0.373571594,0.741,-0.5,0.373571594,1,-0.5,2.37,-0.622,-0.622,-1.12,NA,NA,NA
1288548,0.033997655,0.0987,-2.36,0.371315758,0.746,-0.792,0.016491645,0.0166,-2.9,0.001454534,1,-5.27,-1.45,0.663,3.03,-2.24,Beta-mannosidase.,Predicted beta-mannosidase,NA
1288682,0.024445634,0.0573,1.79,0.069071105,0.181,-1.29,0.024445634,0.0429,-1.79,1,1,-7.85E-17,0.521,1.02,-0.771,-0.771,NA,NA,NA
1288704,0.002973814,3.84E-05,2.73,0.007779874,0.000184,-2.16,0.002973814,1.18E-05,-2.73,1,1,1.57E-16,0.938,1.51,-1.22,-1.22,Triacylglycerol lipase.,Carboxylesterase and related proteins,NA
1288732,0.005020558,5.00E-04,-2.95,0.006309215,6.76E-05,-2.79,0.032747507,0.0694,-1.79,0.000644075,1,-4.75,0.46,-0.54,2.41,-2.33,3-hydroxyisobutyrate dehydrogenase.,Predicted dehydrogenase,NA
1288801,1,0.907,0,0.013675633,0.0023,-1.66,1,0.885,-3.14E-16,1,1,-3.14E-16,1.25,-0.415,-0.415,-0.415,NA,Uncharacterized conserved protein,NA
1288990,1,0.907,0,0.001967466,1.67E-08,-1.29,1,0.885,-1.57E-16,1,1,-1.57E-16,0.969,-0.323,-0.323,-0.323,NA,NA,NA
1289173,0.012892598,0.0124,-2.66,0.010142584,0.000664,-2.83,0.304627103,0.695,0.792,0.044206648,1,-1.87,1.86,-1.77,0.891,-0.977,NA,Acyl-CoA-binding protein,NA
1289665,1,0.907,0,0.001967466,1.67E-08,-1.29,1,0.885,-1.77E-16,1,1,-1.77E-16,0.969,-0.323,-0.323,-0.323,NA,"Dosage compensation regulatory complex/histone acetyltransferase complex, subunit MSL-3/MRG15/EAF3, and related CHROMO domain-containing proteins",NA
1289980,0.000171527,7.22E-15,1,1,0.905,1.11E-16,0.000171527,9.40E-15,-1,1,1,1.11E-16,-0.25,0.75,-0.25,-0.25,NA,NA,NA
1290160,0.536915007,0.847,-0.5,0.030094996,0.0281,-2.29,0.536915007,0.808,-0.5,0.243495273,1,-1,1.34,-0.448,0.0519,-0.948,NA,Calmodulin and related proteins (EF-Hand superfamily),NA
1290969,0.025011967,0.0597,1.5,0.334687451,0.719,-0.5,0.025011967,0.0448,-1.5,1,1,7.85E-17,0,1,-0.5,-0.5,NA,NA,NA
1291073,0.199992083,0.661,-0.5,0.032773881,0.0342,-1,1,0.885,-1.24E-16,0.199992083,1,-0.5,0.625,-0.375,0.125,-0.375,NA,NA,NA
1291155,0.009391228,0.00467,-2.9,1,0.905,3.93E-16,0.022496389,0.0361,-2.29,0.000796807,1,-5.19,-1.87,0.422,3.32,-1.87,Beta-mannosidase.,Predicted beta-mannosidase,NA
1291416,0.01962682,0.0368,1.79,1,0.905,7.85E-17,0.01962682,0.0263,-1.79,1,1,7.85E-17,-0.448,1.34,-0.448,-0.448,NA,NA,NA
1291825,0.000171527,7.22E-15,1,1,0.905,1.11E-16,0.000171527,9.40E-15,-1,1,1,1.11E-16,-0.25,0.75,-0.25,-0.25,NA,Uncharacterized conserved protein,NA
1292341,0.199992083,0.661,-0.5,0.032773881,0.0342,-1,1,0.885,-1.24E-16,0.199992083,1,-0.5,0.625,-0.375,0.125,-0.375,NA,Sensory transduction histidine kinase,NA
1292693,1,0.907,0,0.000171527,1.92E-14,-1,1,0.885,-1.57E-16,1,1,-1.57E-16,0.75,-0.25,-0.25,-0.25,Methyltransferases.,Proliferation-associated nucleolar protein  (NOL1),NA
1292746,0.032773881,0.0922,-1,0.007353329,0.000138,-1.5,1,0.885,-7.85E-17,0.032773881,1,-1,0.875,-0.625,0.375,-0.625,NA,Phosphatidylinositol transfer protein PDR16 and related proteins,NA
1293470,0.00592169,0.000968,1.73,1,0.905,5.30E-16,0.000391833,4.65E-14,-3.23,0.01042614,1,-1.5,-1.18,2.05,0.318,-1.18,NA,NA,NA
1293732,0.404148707,0.807,-0.474,0.008966143,0.000376,-2.2,0.006255298,0.000547,-2.4,0.00296579,1,-2.88,0.327,0.534,1.01,-1.87,Serine--tRNA ligase.,Seryl-tRNA synthetase,NA
1293859,0.254022114,0.72,0.5,0.021694493,0.0114,-1.29,0.254022114,0.647,-0.5,1,1,-1.57E-16,0.844,0.0519,-0.448,-0.448,NA,"Intermediate filament-like protein, sorting nexins, and related proteins containing PX (PhoX) domain(s)",NA
1294436,1,0.907,0,0.000171527,1.92E-14,-1,1,0.885,-1.57E-16,1,1,-1.57E-16,0.75,-0.25,-0.25,-0.25,NA,Aconitase/homoaconitase (aconitase superfamily),NA
1295200,0.058181271,0.241,-1.73,0.027135482,0.0216,-2.2,0.061980755,0.214,-1.69,0.005004739,1,-3.43,0.367,-0.135,1.6,-1.83,Glucose-6-phosphate 1-dehydrogenase.,Glucose-6-phosphate 1-dehydrogenase,NA
1295235,0.060128447,0.252,1.5,0.034456885,0.0388,-1.79,0.023718379,0.0404,-2,0.452961171,1,-0.5,0.719,0.927,-0.573,-1.07,Serine/threonine specific protein phosphatase.,"Serine/threonine specific protein phosphatase PP1, catalytic subunit",NA
1296490,0.245764828,0.712,1.06,0.031585995,0.0315,-2.4,0.017361891,0.0192,-2.85,0.077491229,1,-1.79,0.642,1.09,0.0309,-1.76,Aldose 1-epimerase.,Predicted mutarotase,NA
1296900,0.216122916,0.681,-0.257,0.00061009,1.92E-14,1.44,0.051829994,0.162,-0.465,0.011258501,1,-0.722,-1.38,0.528,0.785,0.0629,NA,Cullins,NA
1297039,0.000171527,7.22E-15,1,1,0.905,1.11E-16,0.000171527,9.40E-15,-1,1,1,1.11E-16,-0.25,0.75,-0.25,-0.25,NA,Protein required for 18S rRNA maturation and 40S ribosome biogenesis,NA
1297549,0.199992083,0.661,0.5,0.002222006,4.69E-08,2,0.007353329,0.000983,1.5,0.002222006,1,2,-0.625,-0.125,-0.625,1.38,NA,NA,NA
1298594,0.199992083,0.661,0.5,0.032773881,0.0342,-1,0.199992083,0.575,-0.5,1,1,0,0.625,0.125,-0.375,-0.375,NA,NA,NA
1301793,1,0.907,0,0.001967466,1.67E-08,-1.29,1,0.885,-1.57E-16,1,1,-1.57E-16,0.969,-0.323,-0.323,-0.323,NA,NA,NA
13690,1,0.907,0,0.000171527,1.92E-14,-1,1,0.885,-1.57E-16,1,1,-1.57E-16,0.75,-0.25,-0.25,-0.25,Xylulokinase.,Sugar (pentulose and hexulose) kinases,"Carbohydrate kinase, FGGY, N-terminal"
1434124,0.254022114,0.72,0.5,0.021694493,0.0114,-1.29,0.254022114,0.647,-0.5,1,1,-7.85E-17,0.844,0.0519,-0.448,-0.448,NA,NA,NA
1434169,1,0.907,0,0.007353329,0.000138,-1.5,1,0.885,-1.96E-16,1,1,-1.96E-16,1.12,-0.375,-0.375,-0.375,NA,NA,NA
1434247,0.007353329,0.00199,1.5,1,0.905,1.57E-16,0.007353329,0.000983,-1.5,1,1,1.57E-16,-0.375,1.12,-0.375,-0.375,NA,DNA-dependent protein kinase,NA
1434471,0.000171527,7.22E-15,1,1,0.905,1.11E-16,0.000171527,9.40E-15,-1,1,1,1.11E-16,-0.25,0.75,-0.25,-0.25,NA,NA,NA
1434474,0.086446564,0.382,3,0.024089855,0.0155,-4.53,0.4688151,0.785,-1.1,0.232765013,1,1.9,3.6,0.165,-2.84,-0.931,NA,NA,NA
1434608,0.29522975,0.752,0.5,0.002765119,2.87E-07,-2.4,0.29522975,0.687,-0.5,1,1,-3.93E-16,1.68,-0.226,-0.726,-0.726,NA,NA,NA
1434705,0.001967466,3.31E-06,1.29,0.005789471,4.29E-05,-1,0.001967466,7.92E-07,-1.29,1,1,-7.85E-17,0.427,0.719,-0.573,-0.573,NA,NA,NA
1434809,0.092684526,0.408,-2.25,0.027363666,0.0221,-3.37,0.056418467,0.186,-2.69,0.006489388,1,-4.94,0.618,-0.0603,2.19,-2.75,NA,Predicted NAD-dependent oxidoreductase,NA
1434853,0.001967466,3.31E-06,1.29,1,0.905,1.18E-16,0.001967466,7.92E-07,-1.29,1,1,1.18E-16,-0.323,0.969,-0.323,-0.323,Amidase.,Amidases,NA
1435165,0.000130249,7.22E-15,2.79,0.000323505,1.92E-14,-2.29,0.000130249,9.40E-15,-2.79,1,1,0,1.02,1.52,-1.27,-1.27,NA,NA,NA
1435258,0.028324384,0.0741,1.3,0.010881476,0.000894,1.7,0.324427946,0.71,0.462,0.009297375,1,1.77,-0.715,0.519,-0.785,0.981,Porphobilinogen synthase.,"Molecular chaperones mortalin/PBP74/GRP75, HSP70 superfamily",NA
1435458,0.000171527,7.22E-15,1,1,0.905,1.11E-16,0.000171527,9.40E-15,-1,1,1,1.11E-16,-0.25,0.75,-0.25,-0.25,Ubiquitinyl hydrolase 1.,OTU (ovarian tumor)-like cysteine protease,NA
1435562,1,0.907,0,0.000171527,1.92E-14,-1,1,0.885,-1.57E-16,1,1,-1.57E-16,0.75,-0.25,-0.25,-0.25,With incorporation of two atoms of oxygen.,NA,NA
1435988,0.000308797,5.02E-14,3.38,0.00070053,1.51E-13,2.82,0.102835225,0.382,0.735,0.000124532,1,4.11,-0.903,1.18,-2.2,1.92,NA,FOG: PPR repeat,NA
1436613,0.527013274,0.844,-0.442,0.278581836,0.664,-0.792,0.012740085,0.00751,-2.51,0.00675451,1,-2.95,-0.772,0.947,1.39,-1.56,NA,"Chaperonin complex component, TCP-1 zeta subunit (CCT6)",NA
1436656,0.00904369,0.00413,2.08,0.001637728,3.62E-09,-3.14,0.00904369,0.00223,-2.08,1,1,-2.85E-16,1.84,0.778,-1.31,-1.31,Tripeptidyl-peptidase I.,NA,NA
1436711,0.01962682,0.0368,1.79,1,0.905,-7.85E-17,0.01962682,0.0263,-1.79,1,1,-7.85E-17,-0.448,1.34,-0.448,-0.448,NA,Uncharacterized conserved protein,NA
1437157,0.199992083,0.661,0.5,0.005889358,4.69E-05,-1.58,0.199992083,0.575,-0.5,1,1,0,1.06,-0.0212,-0.521,-0.521,NA,Checkpoint kinase and related serine/threonine protein kinases,NA
1437635,0.103683829,0.449,0.792,0.001838308,1.01E-08,-2.45,0.002463337,3.62E-06,-2.29,0.013713105,1,-1.5,0.892,0.731,-0.0615,-1.56,NA,Uncharacterized conserved protein,NA
1437803,0.08723542,0.385,1,1,0.905,1.57E-16,0.025011967,0.0448,-1.5,0.334687451,1,-0.5,-0.5,1,0,-0.5,NA,mRNA splicing factor ATP-dependent RNA helicase,NA
1437874,0.025011967,0.0597,1.5,0.334687451,0.719,-0.5,0.008567617,0.00182,-2,0.334687451,1,-0.5,-0.25,1.25,-0.25,-0.75,Carboxylic ester hydrolases.,Carboxylesterase and related proteins,NA
1438357,0.199992083,0.661,-0.5,0.032773881,0.0342,-1,1,0.885,-1.24E-16,0.199992083,1,-0.5,0.625,-0.375,0.125,-0.375,NA,NA,NA
1438447,0.254022114,0.72,-0.5,0.021694493,0.0114,-1.29,1,0.885,-1.18E-16,0.254022114,1,-0.5,0.844,-0.448,0.0519,-0.448,NA,NA,NA
1438639,1,0.907,0,0.007353329,0.000138,-1.5,1,0.885,-7.85E-17,1,1,-7.85E-17,1.12,-0.375,-0.375,-0.375,NA,NA,NA
1440180,0.199992083,0.661,0.5,0.005889358,4.69E-05,-1.58,0.199992083,0.575,-0.5,1,1,-7.85E-17,1.06,-0.0212,-0.521,-0.521,NA,NA,NA
1441140,0.010390522,0.00644,2.5,0.034456885,0.0388,-1.79,0.005014097,0.000206,-3,0.452961171,1,-0.5,0.469,1.68,-0.823,-1.32,NA,Glucose dehydrogenase/choline dehydrogenase/mandelonitrile lyase (GMC oxidoreductase family),NA
1441517,0.007353329,0.00199,1.5,1,0.905,1.57E-16,0.007353329,0.000983,-1.5,1,1,1.57E-16,-0.375,1.12,-0.375,-0.375,Carboxypeptidase C.,Serine carboxypeptidases (lysosomal cathepsin A),NA
1441757,0.040993419,0.14,2.16,0.033815923,0.0371,-2.29,0.040993419,0.108,-2.16,1,1,-1.57E-16,1.18,1.05,-1.11,-1.11,2-hydroxyglutarate dehydrogenase.,Predicted FAD-dependent oxidoreductase,NA
1441855,0.007353329,0.00199,1.5,1,0.905,1.57E-16,0.007353329,0.000983,-1.5,1,1,1.57E-16,-0.375,1.12,-0.375,-0.375,Carboxypeptidase C.,Serine carboxypeptidases (lysosomal cathepsin A),NA
1442009,0.45230874,0.824,0.792,0.024314833,0.0159,-3.14,0.242238362,0.634,-1.29,0.628875499,1,-0.5,1.91,0.0587,-0.734,-1.23,Peptidylprolyl isomerase.,FKBP-type peptidyl-prolyl cis-trans isomerase,NA
1442025,0.199992083,0.661,0.5,0.005889358,4.69E-05,-1.58,0.199992083,0.575,-0.5,1,1,-7.85E-17,1.06,-0.0212,-0.521,-0.521,NA,FOG: RRM domain,NA
1442086,0.228429553,0.695,-0.5,0.004809645,1.49E-05,-1.79,1,0.885,5.89E-17,0.228429553,1,-0.5,1.22,-0.573,-0.0731,-0.573,NA,Heat shock transcription factor,NA
1442651,1.94E-06,7.22E-15,2.58,1.94E-06,1.92E-14,-2.58,1.94E-06,9.40E-15,-2.58,1,1,-1.57E-16,1.29,1.29,-1.29,-1.29,Glutamate--cysteine ligase.,Gamma-glutamylcysteine synthetase,NA
1443297,0.198915939,0.659,-1,0.01337756,0.00212,-2.56,1,0.885,-2.94E-16,0.198915939,1,-1,1.67,-0.891,0.109,-0.891,NA,NA,NA
1443580,1,0.907,0,0.013675633,0.0023,-1.66,1,0.885,-3.14E-16,1,1,-3.14E-16,1.25,-0.415,-0.415,-0.415,NA,Extracellular protein SEL-1 and related proteins,NA
1443881,0.288590259,0.747,0.503,0.002728681,2.59E-07,2.39,0.033340266,0.0716,1.25,0.009753632,1,1.75,-1.04,0.0996,-0.403,1.35,NA,"Vesicle coat complex AP-1, gamma subunit",NA
1445091,0.005789471,0.000889,1,0.001967466,1.67E-08,-1.29,0.005789471,0.000397,-1,1,1,0,0.719,0.427,-0.573,-0.573,NA,NA,NA
1445276,0.000171527,7.22E-15,1,1,0.905,1.11E-16,0.000171527,9.40E-15,-1,1,1,1.11E-16,-0.25,0.75,-0.25,-0.25,NA,NA,NA
1449336,0.011738432,0.00944,2.5,0.128232774,0.41,-1.16,0.026484132,0.0498,-2,0.466333711,1,0.5,0.496,1.33,-1.17,-0.665,NA,"Vesicle coat complex COPI, epsilon subunit",NA
1449367,0.001967466,3.31E-06,1.29,1,0.905,1.18E-16,0.001967466,7.92E-07,-1.29,1,1,1.18E-16,-0.323,0.969,-0.323,-0.323,NA,"Protein kinase ATM/Tel1, involved in telomere length regulation and DNA repair",NA
1450852,0.000171527,7.22E-15,1,1,0.905,1.11E-16,0.000171527,9.40E-15,-1,1,1,1.11E-16,-0.25,0.75,-0.25,-0.25,NA,NA,NA
1451136,0.864311775,0.895,-0.0963,0.394088682,0.761,-0.5,0.007080952,0.000867,-2.4,0.006043645,1,-2.5,-0.851,1.05,1.15,-1.35,Phosphomannomutase.,Phosphomannomutase,NA
1451392,0.002894729,3.31E-05,2.95,0.389535661,0.758,0.5,0.006251866,0.000545,-2.45,0.389535661,1,0.5,-0.863,2.09,-0.863,-0.363,Sulfite reductase (NADPH).,Sulfite reductase (ferredoxin),NA
1454059,0.199992083,0.661,0.5,1,0.905,1.96E-16,0.007353329,0.000983,-1.5,0.032773881,1,-1,-0.625,0.875,0.375,-0.625,Dimethylaniline monooxygenase (N-oxide forming).,Flavin-containing monooxygenase,NA
1455850,0.000171527,7.22E-15,1,1,0.905,1.11E-16,0.000171527,9.40E-15,-1,1,1,1.11E-16,-0.25,0.75,-0.25,-0.25,NA,NA,NA
1456372,1,0.907,0,0.001967466,1.67E-08,-1.29,1,0.885,-1.57E-16,1,1,-1.57E-16,0.969,-0.323,-0.323,-0.323,NA,Predicted metal-dependent hydrolase (beta-lactamase superfamily),NA
1458305,1,0.907,0,0.007353329,0.000138,-1.5,1,0.885,-7.85E-17,1,1,-7.85E-17,1.12,-0.375,-0.375,-0.375,NA,Synaptobrevin/VAMP-like protein,NA
1460027,0.000171527,7.22E-15,1,1,0.905,1.11E-16,0.000171527,9.40E-15,-1,1,1,1.11E-16,-0.25,0.75,-0.25,-0.25,NA,NA,NA
1460679,0.00187138,2.47E-06,2.01,0.03991609,0.0569,-0.911,0.004656345,0.000144,-1.62,0.287448949,1,0.39,0.375,1.09,-0.926,-0.536,Carbamoyl-phosphate synthase (glutamine-hydrolysing).,"Multifunctional pyrimidine synthesis protein CAD (includes carbamoyl-phophate synthetase, aspartate transcarbamylase, and glutamine amidotransferase)",NA
1461213,1,0.907,0,0.000171527,1.92E-14,-1,1,0.885,-1.57E-16,1,1,-1.57E-16,0.75,-0.25,-0.25,-0.25,NA,NA,NA
1461875,0.006730975,0.00151,2.29,1,0.905,1.67E-16,0.017358192,0.0192,-1.79,0.367869898,1,0.5,-0.323,1.47,-0.823,-0.323,NA,"Splicing factor U2AF, large subunit (RRM superfamily)",NA
1462473,0.116575936,0.491,-1.08,0.010812087,0.000871,-2.29,0.140833939,0.482,-1,0.015486584,1,-2.08,0.948,-0.344,0.741,-1.34,Endothelin-converting enzyme 1.,M13 family peptidase,NA
1462972,0.015874707,0.022,2.06,0.034084607,0.0378,-1.66,0.006865047,0.000777,-2.56,0.418893837,1,-0.5,0.48,1.38,-0.681,-1.18,NA,NA,NA
1463032,0.105383508,0.455,0.845,0.13095494,0.417,-0.772,0.022636364,0.0366,-1.4,0.247418036,1,-0.558,0.0884,0.72,-0.125,-0.684,NA,Microtubule-associated protein,NA
1463615,0.107490299,0.462,1,0.010010445,0.000626,-2.08,0.370247852,0.739,-0.5,0.370247852,1,0.5,1.56,-0.0212,-1.02,-0.521,NA,"Serine/threonine protein phosphatase 2A, regulatory subunit",NA
1465734,1,0.907,0,0.000144511,1.92E-14,-1.79,1,0.885,0,1,1,0,1.34,-0.448,-0.448,-0.448,NA,NA,NA
1466877,1,0.907,0,0.033595812,0.0365,-2.08,1,0.885,-3.14E-16,1,1,-3.14E-16,1.56,-0.521,-0.521,-0.521,NA,NA,NA
1467432,0.334687451,0.776,-0.5,0.025011967,0.0172,-1.5,1,0.885,-3.93E-17,0.334687451,1,-0.5,1,-0.5,0,-0.5,NA,Nuclear protein ES2,NA
1467460,0.21173295,0.676,-0.5,0.001040429,2.68E-11,-2.45,0.21173295,0.593,-0.5,0.036291848,1,-1,1.47,-0.488,0.0116,-0.988,NA,NA,NA
1467895,0.131972766,0.534,2.02,0.036884974,0.0465,3.2,0.665580691,0.839,0.513,0.074369395,1,2.54,-1.64,1.05,-0.974,1.56,NA,"26S proteasome regulatory complex, subunit RPN2/PSMD1",NA
1467898,0.304457066,0.758,-0.594,0.002014023,2.02E-08,-3.14,0.001066712,5.66E-09,-3.63,0.000541222,1,-4.23,0.392,0.882,1.48,-2.75,Glycerate dehydrogenase.,Glyoxylate/hydroxypyruvate reductase (D-isomer-specific 2-hydroxy acid dehydrogenase superfamily),NA
1468035,1,0.907,0,0.000171527,1.92E-14,-1,1,0.885,-1.57E-16,1,1,-1.57E-16,0.75,-0.25,-0.25,-0.25,NA,SNAP-25 (synaptosome-associated protein) component of SNARE complex,NA
1468154,0.199992083,0.661,0.5,1,0.905,1.96E-16,0.007353329,0.000983,-1.5,0.032773881,1,-1,-0.625,0.875,0.375,-0.625,NA,Actin and related proteins,NA
1468673,0.974530787,0.905,-0.0237,0.009531951,0.000502,-2.94,0.058962445,0.199,-1.73,0.056637498,1,-1.76,1.33,0.127,0.151,-1.61,Ketol-acid reductoisomerase.,NA,NA
1469170,0.011499915,0.00887,2.16,0.015403739,0.00367,-2,0.005024545,0.000208,-2.66,0.401568236,1,-0.5,0.71,1.37,-0.79,-1.29,NA,Peroxisomal membrane protein MPV17 and related proteins,NA
1470227,0.737722912,0.881,0.124,0.043005166,0.068,-0.951,0.005443771,0.000302,-1.67,0.007424431,1,-1.55,-0.0912,0.628,0.505,-1.04,NA,Translation elongation factor EF-1 alpha/Tu,NA
1470767,0.232784573,0.699,1.42,0.023897572,0.0151,-3.38,0.035740774,0.0827,-3,0.189261946,1,-1.58,1.39,1.01,-0.406,-1.99,NA,"NADH-ubiquinone oxidoreductase, NDUFS3/30 kDa subunit",NA
1470839,0.117957349,0.495,0.909,0.015546216,0.0038,-1.75,0.068431653,0.245,-1.12,0.679530258,1,-0.21,0.983,0.348,-0.561,-0.771,NA,"Succinyl-CoA synthetase, beta subunit",NA
1472049,1,0.907,0,0.000171527,1.92E-14,-1,1,0.885,-1.57E-16,1,1,-1.57E-16,0.75,-0.25,-0.25,-0.25,NA,NA,NA
1473298,0.008808218,0.00378,1.5,0.001936341,1.50E-08,-2.16,0.008808218,0.00202,-1.5,1,1,-3.93E-17,1.25,0.585,-0.915,-0.915,Sulfate adenylyltransferase.,ATP sulfurylase (sulfate adenylyltransferase),NA
1474568,0.08723542,0.385,1,1,0.905,1.57E-16,0.025011967,0.0448,-1.5,0.334687451,1,-0.5,-0.5,1,0,-0.5,NA,NA,NA
1474806,0.193253453,0.652,1.29,0.031677433,0.0317,-2.56,0.193253453,0.567,-1.29,1,1,-4.71E-16,1.6,0.328,-0.964,-0.964,NA,Ran-binding protein RANBP1 and related RanBD domain proteins,NA
1475031,0.194503429,0.653,0.74,0.003960133,4.17E-06,-2.55,0.037231214,0.0897,-1.4,0.237019978,1,-0.663,1.39,0.25,-0.49,-1.15,NA,"Electron transfer flavoprotein, alpha subunit",NA
1475891,0.352004134,0.785,-0.5,0.046628958,0.0816,1.29,0.015183401,0.013,1.79,0.046628958,1,1.29,-0.198,-0.698,-0.198,1.09,Amidase.,Amidases,NA
1477153,0.346969313,0.782,-0.953,0.030194021,0.0284,-2.78,0.219192091,0.604,-1.29,0.059681375,1,-2.25,1.2,-0.288,0.665,-1.58,Ubiquitin--protein ligase.,"NEDD8-activating complex, catalytic component UBA3",NA
1477451,0.190827206,0.648,0.792,1,0.905,1.57E-16,0.01962682,0.0263,-1.79,0.115219682,1,-1,-0.698,1.09,0.302,-0.698,NA,WD40 protein,NA
1478038,0.050773348,0.198,1,0.006228805,6.33E-05,-1.79,0.254022114,0.647,-0.5,0.254022114,1,0.5,1.34,0.0519,-0.948,-0.448,NA,Cysteine desulfurase NFS1,NA
1480672,0.145478173,0.566,0.368,0.00011019,1.92E-14,-2.45,0.000198464,9.40E-15,-2.16,0.000467116,1,-1.79,0.852,0.559,0.191,-1.6,NA,Amphiphysin,NA
1481052,0.228429553,0.695,0.5,0.004809645,1.49E-05,-1.79,0.228429553,0.616,-0.5,1,1,0,1.22,-0.0731,-0.573,-0.573,NA,NA,NA
1481667,1,0.907,0,0.000171527,1.92E-14,-1,1,0.885,-1.57E-16,1,1,-1.57E-16,0.75,-0.25,-0.25,-0.25,NA,NA,NA
1481987,0.199992083,0.661,0.5,0.005889358,4.69E-05,-1.58,0.032773881,0.0695,-1,0.199992083,1,-0.5,0.814,0.229,-0.271,-0.771,Xenobiotic-transporting ATPase.,ATPase component of ABC transporters with duplicated ATPase domains/Translation elongation factor EF-3b,NA
1482547,0.12950576,0.528,1.08,0.026465742,0.0201,-1.88,0.053734542,0.172,-1.51,0.508151885,1,-0.424,0.925,0.556,-0.529,-0.953,NA,60s ribosomal protein L19,NA
1482574,0.025011967,0.0597,1.5,0.025011967,0.0172,1.5,1,0.885,4.44E-16,0.025011967,1,1.5,-0.75,0.75,-0.75,0.75,NA,"Dyneins, heavy chain",NA
1484741,0.112323244,0.478,1.1,0.061571867,0.145,-1.38,0.015441967,0.0137,-2.08,0.14567711,1,-0.984,0.266,0.973,-0.128,-1.11,NA,"Mitochondrial F1F0-ATP synthase, subunit g/ATP20",NA
1485924,1,0.907,0,0.007353329,0.000138,-1.5,1,0.885,-1.96E-16,1,1,-1.96E-16,1.12,-0.375,-0.375,-0.375,NA,Adaptor protein Enigma and related PDZ-LIM proteins,NA
1486393,1,0.907,0,0.000171527,1.92E-14,-1,1,0.885,-1.57E-16,1,1,-1.57E-16,0.75,-0.25,-0.25,-0.25,NA,NA,NA
1486435,0.199992083,0.661,0.5,0.032773881,0.0342,1,0.199992083,0.575,0.5,0.032773881,1,1,-0.375,0.125,-0.375,0.625,NA,"Chromosome condensation complex Condensin, subunit G",NA
1486719,0.021694493,0.0455,1.29,0.254022114,0.634,-0.5,0.021694493,0.0333,-1.29,1,1,0,0.0519,0.844,-0.448,-0.448,NA,Vacuolar assembly/sorting proteins VPS39/VAM6/VPS3,NA
1486967,0.334687451,0.776,0.5,0.007262917,0.000131,-2.08,0.334687451,0.717,0.5,0.08723542,1,1,1.94,-0.646,-1.15,-0.146,Ubiquitin--protein ligase.,Hydroxyacyl-CoA dehydrogenase/enoyl-CoA hydratase,NA
1487313,0.000144511,7.22E-15,1.79,1,0.905,1.96E-17,0.000144511,9.40E-15,-1.79,1,1,1.96E-17,-0.448,1.34,-0.448,-0.448,NA,NA,NA
1488782,0.001430568,4.02E-07,1.62,0.019415454,0.00816,-0.85,0.004110653,7.60E-05,-1.26,0.212740197,1,0.354,0.41,0.825,-0.794,-0.44,NA,"Translocase of outer mitochondrial membrane complex, subunit TOM70/TOM72",NA
1490018,1,0.907,0,0.000171527,1.92E-14,-1,1,0.885,-1.57E-16,1,1,-1.57E-16,0.75,-0.25,-0.25,-0.25,NA,NA,NA
1490027,0.007353329,0.00199,1.5,1,0.905,1.57E-16,0.007353329,0.000983,-1.5,1,1,1.57E-16,-0.375,1.12,-0.375,-0.375,NA,Beta subunit of farnesyltransferase,NA
1490253,0.000423009,2.97E-12,3.11,0.228544063,0.596,-0.496,0.01304918,0.00812,-1.38,0.005501763,1,1.72,0.457,1.34,-1.76,-0.0393,NA,Globins and related hemoproteins,NA
1490921,0.000171527,7.22E-15,1,1,0.905,1.11E-16,0.000171527,9.40E-15,-1,1,1,1.11E-16,-0.25,0.75,-0.25,-0.25,NA,Uncharacterized conserved protein,NA
1491698,0.007353329,0.00199,1.5,1,0.905,1.57E-16,0.007353329,0.000983,-1.5,1,1,1.57E-16,-0.375,1.12,-0.375,-0.375,NA,Ras-related GTPase,NA
1492705,0.005024545,0.000502,2.66,0.006478321,7.73E-05,-2.5,0.005024545,0.000208,-2.66,1,1,1.57E-16,1.21,1.37,-1.29,-1.29,NA,RNA-binding protein ELAV/HU (RRM superfamily),NA
1496053,0.011885671,0.0098,-1.6,0.01782983,0.00617,-1.44,0.22251601,0.609,-0.569,0.003493939,1,-2.17,0.392,-0.474,1.13,-1.04,Phenylpyruvate tautomerase.,Macrophage migration inhibitory factor,NA
1498312,1,0.907,0,0.001967466,1.67E-08,-1.29,1,0.885,-1.77E-16,1,1,-1.77E-16,0.969,-0.323,-0.323,-0.323,NA,NA,NA
1499778,0.000171527,7.22E-15,1,1,0.905,1.11E-16,0.000171527,9.40E-15,-1,1,1,1.11E-16,-0.25,0.75,-0.25,-0.25,NA,NA,NA
1503367,1.89E-05,7.22E-15,-2.18,1,0.905,3.33E-16,0.000911376,1.24E-09,-0.943,3.43E-06,1,-3.12,-1.02,-0.0734,2.11,-1.02,NA,NA,NA
1504292,1,0.907,0,0.007353329,0.000138,-1.5,1,0.885,-1.96E-16,1,1,-1.96E-16,1.12,-0.375,-0.375,-0.375,NA,NA,NA
1508514,0.025011967,0.0597,1.5,0.334687451,0.719,-0.5,0.025011967,0.0448,-1.5,1,1,7.85E-17,0,1,-0.5,-0.5,"Alpha,alpha-trehalase.",Neutral trehalase,NA
1509704,0.005789471,0.000889,1,0.001967466,1.67E-08,-1.29,0.005789471,0.000397,-1,1,1,0,0.719,0.427,-0.573,-0.573,Chitin synthase.,Chitin synthase/hyaluronan synthase (glycosyltransferases),NA
1510163,1,0.907,0,0.001856298,1.09E-08,-2.08,0.199992083,0.575,0.5,0.199992083,1,0.5,1.81,-0.771,-0.771,-0.271,NA,Ubiquitin-like/40S ribosomal S30 protein fusion,NA
1510684,0.30422676,0.758,-0.518,0.160882538,0.489,-0.746,0.0205931,0.0296,-1.53,0.006777141,1,-2.05,-0.335,0.449,0.966,-1.08,NA,40S ribosomal protein S15/S22,NA
1511155,0.000171527,7.22E-15,1,1,0.905,1.11E-16,0.000171527,9.40E-15,-1,1,1,1.11E-16,-0.25,0.75,-0.25,-0.25,Ubiquitinyl hydrolase 1.,Ubiquitin C-terminal hydrolase UCHL1,NA
1511193,1,0.907,0,0.000171527,1.92E-14,-1,1,0.885,-1.57E-16,1,1,-1.57E-16,0.75,-0.25,-0.25,-0.25,NA,C4-type Zn-finger protein,NA
1512183,1,0.907,0,0.000171527,1.92E-14,-1,1,0.885,-1.57E-16,1,1,-1.57E-16,0.75,-0.25,-0.25,-0.25,NA,NA,NA
1514453,0.000171527,7.22E-15,1,1,0.905,1.11E-16,0.000171527,9.40E-15,-1,1,1,1.11E-16,-0.25,0.75,-0.25,-0.25,Methylglutaconyl-CoA hydratase.,Enoyl-CoA hydratase,NA
1514474,0.000171527,7.22E-15,1,1,0.905,1.11E-16,0.000171527,9.40E-15,-1,1,1,1.11E-16,-0.25,0.75,-0.25,-0.25,NA,NA,NA
1514847,0.051831475,0.205,0.45,0.408190336,0.769,0.158,0.000218361,9.40E-15,-1.75,0.000846986,1,-1.29,-0.879,1.02,0.575,-0.72,NA,"26S proteasome regulatory complex, subunit RPN12/PSMD8",NA
1517120,1,0.907,0,0.014628066,0.00301,-1.95,0.385249341,0.748,-0.5,0.385249341,1,-0.5,1.22,-0.238,-0.238,-0.738,NA,Predicted helicase,NA
1517230,0.002225557,7.04E-06,2.29,0.254022114,0.634,-0.5,0.002225557,1.82E-06,-2.29,1,1,7.85E-17,-0.198,1.59,-0.698,-0.698,NA,NA,NA
1517678,1,0.907,0,0.000171527,1.92E-14,1,0.000171527,9.40E-15,1,0.000171527,1,1,-0.25,-0.25,-0.25,0.75,NA,Actin and related proteins,NA
1517839,0.025011967,0.0597,1.5,0.334687451,0.719,-0.5,0.025011967,0.0448,-1.5,1,1,7.85E-17,0,1,-0.5,-0.5,NA,Flavonol reductase/cinnamoyl-CoA reductase,NA
1517961,0.365693284,0.791,0.391,0.017948848,0.00631,1.38,0.513355127,0.801,0.276,0.151610866,1,0.667,-0.8,0.305,-0.0858,0.581,NADPH:quinone reductase.,Zinc-binding oxidoreductase,NA
1518129,0.334471622,0.776,-1.03,0.064674645,0.16,-2.29,0.01673166,0.0173,-3.45,0.006087576,1,-4.48,-0.265,0.896,1.93,-2.56,With NAD(+) or NADP(+) as acceptor.,"Voltage-gated shaker-like K+ channel, subunit beta/KCNAB",NA
1522487,0.849766448,0.894,0.144,0.002599543,1.77E-07,-4.14,0.005029124,0.000209,-3.54,0.005963076,1,-3.39,1.37,0.769,0.625,-2.77,NA,60S acidic ribosomal protein P0,NA
1524595,6.59E-06,7.22E-15,2,1,0.905,2.22E-16,6.59E-06,9.40E-15,-2,1,1,2.22E-16,-0.5,1.5,-0.5,-0.5,NA,"Casein kinase II, beta subunit",NA
1524917,0.081292008,0.359,1.1,0.354113457,0.734,-0.514,0.017911306,0.0208,-1.77,0.243100528,1,-0.666,-0.224,1.03,-0.0708,-0.737,Triacylglycerol lipase.,Carboxylesterase and related proteins,NA
1527459,0.273405657,0.736,1.05,0.198959988,0.552,-1.26,0.021454489,0.0325,-2.85,0.089567635,1,-1.8,-0.215,1.37,0.322,-1.48,NA,"Mitochondrial F1F0-ATP synthase, subunit d/ATP7",NA
1527930,1,0.907,0,0.001967466,1.67E-08,-1.29,1,0.885,-1.57E-16,1,1,-1.57E-16,0.969,-0.323,-0.323,-0.323,NA,Uncharacterized conserved protein,NA
1528516,0.726695932,0.88,0.208,0.012868957,0.00182,-2.16,0.010259995,0.00354,-2.29,0.014724738,1,-2.08,0.526,0.658,0.45,-1.63,Pyruvate dehydrogenase (lipoamide).,"Pyruvate dehydrogenase E1, beta subunit",NA
1528793,0.216466767,0.681,1,0.020122119,0.00912,-2.4,0.216466767,0.6,-1,1,1,-6.28E-16,1.55,0.149,-0.851,-0.851,NA,Protein involved in glucose derepression and pre-vacuolar endosome protein sorting,NA
1531331,0.334687451,0.776,0.5,0.025011967,0.0172,-1.5,0.334687451,0.717,-0.5,1,1,-7.85E-17,1,0,-0.5,-0.5,Superoxide dismutase.,Cu2+/Zn2+ superoxide dismutase SOD1,NA
1532455,0.002225557,7.04E-06,2.29,0.254022114,0.634,-0.5,0.002225557,1.82E-06,-2.29,1,1,7.85E-17,-0.198,1.59,-0.698,-0.698,NA,NA,NA
1532717,0.373251193,0.795,0.708,0.02097143,0.0103,2.44,0.027047451,0.0517,2.27,0.009965906,1,2.97,-0.518,-0.347,-1.05,1.92,NA,60S ribosomal protein L9,NA
1532797,0.000171527,7.22E-15,1,1,0.905,1.11E-16,0.000171527,9.40E-15,-1,1,1,1.11E-16,-0.25,0.75,-0.25,-0.25,NA,Ras GTPase-activating protein family - IQGAP,NA
1532993,4.84E-06,7.22E-15,3.16,0.001021535,2.16E-11,-1,4.84E-06,9.40E-15,-3.16,1,1,4.71E-16,-0.0402,2.12,-1.04,-1.04,NA,NA,NA
1533113,0.021124488,0.0431,2.29,0.203503345,0.559,-1,0.021124488,0.0314,-2.29,1,1,0,0.177,1.47,-0.823,-0.823,NA,Mitochondrial ribosomal protein S10,NA
1536216,1,0.907,0,0.000171527,1.92E-14,-1,1,0.885,-1.57E-16,1,1,-1.57E-16,0.75,-0.25,-0.25,-0.25,NA,Ribosomal protein S6 kinase,NA
1536222,0.28985563,0.748,0.792,0.012625635,0.00169,-2.58,0.009374616,0.00255,-2.79,0.031669199,1,-2,0.741,0.948,0.156,-1.84,NA,"Acetolactate synthase, small subunit",NA
1537000,0.000171527,7.22E-15,1,1,0.905,1.11E-16,0.000171527,9.40E-15,-1,1,1,1.11E-16,-0.25,0.75,-0.25,-0.25,NA,NA,NA
1537658,6.59E-06,7.22E-15,2,1,0.905,2.22E-16,6.59E-06,9.40E-15,-2,1,1,2.22E-16,-0.5,1.5,-0.5,-0.5,NA,"Casein kinase II, beta subunit",NA
1537929,0.081292008,0.359,1.1,0.354113457,0.734,-0.514,0.017911306,0.0208,-1.77,0.243100528,1,-0.666,-0.224,1.03,-0.0708,-0.737,Triacylglycerol lipase.,Carboxylesterase and related proteins,NA
1537995,0.334687451,0.776,0.5,0.007262917,0.000131,-2.08,0.08723542,0.326,-1,0.334687451,1,-0.5,1.19,0.104,-0.396,-0.896,NA,Predicted N-acetyltransferase,NA
1538211,1,0.907,0,0.007353329,0.000138,-1.5,1,0.885,-7.85E-17,1,1,-7.85E-17,1.12,-0.375,-0.375,-0.375,NA,"Nucleotide excision repair factor NEF2, RAD23 component",NA
1538535,0.007353329,0.00199,1.5,1,0.905,1.57E-16,0.007353329,0.000983,-1.5,1,1,1.57E-16,-0.375,1.12,-0.375,-0.375,Chitin synthase.,Chitin synthase/hyaluronan synthase (glycosyltransferases),NA
1539238,0.197408993,0.657,-0.569,0.01048903,0.000767,-1.55,0.032859048,0.0698,-1.13,0.007301063,1,-1.7,0.455,0.0352,0.605,-1.09,Peptidylprolyl isomerase.,Cyclophilin type peptidyl-prolyl cis-trans isomerase,NA
1540869,0.022585313,0.0493,2.29,0.016517306,0.00474,-2.5,0.010881831,0.00437,-2.79,0.50389203,1,-0.5,1.05,1.34,-0.948,-1.45,2-methylacyl-CoA dehydrogenase.,Short-chain acyl-CoA dehydrogenase,NA
1544493,0.000171527,7.22E-15,1,1,0.905,1.11E-16,0.000171527,9.40E-15,-1,1,1,1.11E-16,-0.25,0.75,-0.25,-0.25,tRNA (guanine-N7-)-methyltransferase.,Methyltransferase-like protein,NA
1544890,0.165468687,0.607,1.16,0.024675772,0.0166,-2.29,0.068656825,0.246,-1.66,0.51405777,1,-0.5,1.18,0.548,-0.613,-1.11,Gly-X carboxypeptidase.,Aminoacylase ACY1 and related metalloexopeptidases,NA
1545403,0.024657875,0.0582,1.75,0.798031492,0.881,-0.146,0.02478093,0.044,-1.75,0.996512149,1,0.00249,-0.326,1.27,-0.475,-0.472,NA,Isovaleryl-CoA dehydrogenase,NA
1551371,0.007353329,0.00199,1.5,1,0.905,1.57E-16,0.007353329,0.000983,-1.5,1,1,1.57E-16,-0.375,1.12,-0.375,-0.375,NA,NA,NA
1551939,0.101968727,0.443,0.792,0.001181271,1.14E-10,-2.7,0.002394339,3.00E-06,-2.29,0.013374748,1,-1.5,1.07,0.67,-0.122,-1.62,NA,"Uncharacterized conserved protein, contains double-stranded beta-helix domain",NA
1552539,0.025011967,0.0597,1.5,0.334687451,0.719,-0.5,0.025011967,0.0448,-1.5,1,1,9.81E-17,0,1,-0.5,-0.5,NA,"Membrane coat complex Retromer, subunit VPS29/PEP11",NA
1553228,0.001967466,3.31E-06,1.29,1,0.905,1.18E-16,0.001967466,7.92E-07,-1.29,1,1,1.18E-16,-0.323,0.969,-0.323,-0.323,NA,NA,NA
1553376,0.000171527,7.22E-15,1,1,0.905,1.11E-16,0.000171527,9.40E-15,-1,1,1,1.11E-16,-0.25,0.75,-0.25,-0.25,NA,NA,NA
1555467,1,0.907,0,0.000171527,1.92E-14,-1,1,0.885,-1.57E-16,1,1,-1.57E-16,0.75,-0.25,-0.25,-0.25,NA,TRAPP 20 K subunit,NA
1562118,0.009716475,0.0052,2.92,0.103225229,0.327,-1.41,0.019679308,0.0265,-2.42,0.509927329,1,0.5,0.579,1.59,-1.33,-0.833,Aconitate hydratase.,Aconitase/homoaconitase (aconitase superfamily),NA
1562257,0.000171527,7.22E-15,1,1,0.905,1.11E-16,0.000171527,9.40E-15,-1,1,1,1.11E-16,-0.25,0.75,-0.25,-0.25,Methylglutaconyl-CoA hydratase.,Enoyl-CoA hydratase,NA
1566955,0.460941388,0.827,0.5,0.001920304,1.41E-08,-3.84,0.001620971,2.06E-07,-3.99,0.002886722,1,-3.49,1.01,1.16,0.66,-2.83,Bleomycin hydrolase.,Bleomycin hydrolases and aminopeptidases of cysteine protease family,NA
1567631,0.005345055,0.000649,0.792,0.002005316,1.95E-08,-1,0.000144511,9.40E-15,-1.79,0.002005316,1,-1,0.0519,0.844,0.0519,-0.948,Asparagine synthase (glutamine-hydrolysing).,Asparagine synthase (glutamine-hydrolyzing),NA
1571799,0.000171527,7.22E-15,1,1,0.905,1.11E-16,0.000171527,9.40E-15,-1,1,1,1.11E-16,-0.25,0.75,-0.25,-0.25,NA,NA,NA
1578466,0.104417829,0.451,1.03,0.02511967,0.0174,-1.66,0.007507158,0.00107,-2.29,0.061241275,1,-1.26,0.358,0.99,-0.0445,-1.3,NA,Alanine-glyoxylate aminotransferase AGT1,NA
1578478,0.003421085,8.03E-05,-2.26,0.040192856,0.0579,-1.18,0.022353115,0.0356,-1.4,0.000410785,1,-3.67,-0.383,-0.16,2.1,-1.56,NA,ATP-citrate lyase,NA
1578555,0.844393875,0.893,0.182,0.10882457,0.347,-1.73,0.022815247,0.0372,-2.9,0.02857128,1,-2.72,-0.109,1.06,0.883,-1.84,UDP-glucose 6-dehydrogenase.,UDP-glucose/GDP-mannose dehydrogenase,NA
1578588,0.000171527,7.22E-15,1,1,0.905,1.11E-16,0.000171527,9.40E-15,-1,1,1,1.11E-16,-0.25,0.75,-0.25,-0.25,NA,Predicted GTP-binding protein (ODN superfamily),NA
1578653,1,0.907,0,0.000171527,1.92E-14,-1,1,0.885,-1.57E-16,1,1,-1.57E-16,0.75,-0.25,-0.25,-0.25,NA,NA,NA
1579149,0.000171527,7.22E-15,1,1,0.905,1.11E-16,0.000171527,9.40E-15,-1,1,1,1.11E-16,-0.25,0.75,-0.25,-0.25,Kynureninase.,L-kynurenine hydrolase,NA
1579252,1,0.907,0,0.000171527,1.92E-14,-1,1,0.885,-1.57E-16,1,1,-1.57E-16,0.75,-0.25,-0.25,-0.25,NA,Targeting complex (TRAPP) subunit,NA
1579319,0.021694493,0.0455,1.29,0.254022114,0.634,-0.5,0.021694493,0.0333,-1.29,1,1,-3.93E-17,0.0519,0.844,-0.448,-0.448,NA,Proteins containing regions of low-complexity,NA
1579324,0.000706433,8.87E-10,2.79,0.228429553,0.596,-0.5,0.000706433,8.47E-11,-2.79,1,1,7.85E-17,-0.323,1.97,-0.823,-0.823,NA,"Splicing factor 3a, subunit 1",NA
1579419,0.078866541,0.348,1.4,0.26628192,0.65,-0.792,0.012450842,0.00696,-2.45,0.158701132,1,-1.05,-0.282,1.38,-0.0232,-1.07,NA,"Cytochrome c oxidase, subunit IV/COX5b",NA
1579634,0.199992083,0.661,0.5,0.002222006,4.69E-08,-2,0.199992083,0.575,-0.5,1,1,-3.14E-16,1.38,-0.125,-0.625,-0.625,NA,"Transcription initiation factor TFIID, subunit TAF5 (also component of histone acetyltransferase SAGA)",NA
1579790,0.334687451,0.776,0.5,0.007262917,0.000131,-2.08,0.334687451,0.717,-0.5,1,1,-3.14E-16,1.44,-0.146,-0.646,-0.646,NA,Dimeric dihydrodiol dehydrogenase,NA
1579906,0.585749294,0.857,-0.282,0.006653208,8.80E-05,-2.21,0.005387969,0.000288,-2.33,0.003348762,1,-2.61,0.423,0.541,0.823,-1.79,NA,NA,NA
1580358,0.025011967,0.0597,1.5,0.334687451,0.719,-0.5,0.008567617,0.00182,-2,0.334687451,1,-0.5,-0.25,1.25,-0.25,-0.75,NA,NifU-like domain-containing proteins,NA
1580402,0.006228805,0.00116,1.79,0.050773348,0.0975,-1,0.002225557,1.82E-06,-2.29,0.254022114,1,-0.5,0.0519,1.34,-0.448,-0.948,NA,Oxysterol-binding protein,NA
1580427,0.100235,0.437,1,0.003874404,3.59E-06,-2.56,0.03005499,0.0614,-1.5,0.358056024,1,-0.5,1.42,0.359,-0.641,-1.14,NA,FOG: TPR repeat,NA
1580488,0.199992083,0.661,-0.5,0.032773881,0.0342,1,0.199992083,0.575,0.5,1,1,5.55E-16,-0.625,-0.125,0.375,0.375,NA,"Predicted membrane protein, contains two CBS domains",NA
1580553,0.334687451,0.776,0.5,0.003445697,1.56E-06,-2.5,0.334687451,0.717,-0.5,1,1,-3.14E-16,1.75,-0.25,-0.75,-0.75,NA,"2-enoyl-CoA hydratase/3-hydroxyacyl-CoA dehydrogenase/Peroxisomal 3-ketoacyl-CoA-thiolase, sterol-binding domain and related enzymes",NA
1580714,0.007353329,0.00199,1.5,1,0.905,1.57E-16,0.007353329,0.000983,-1.5,1,1,1.57E-16,-0.375,1.12,-0.375,-0.375,NA,"RNAse L inhibitor, ABC superfamily",NA
1580868,0.004809645,0.000415,1.79,0.228429553,0.596,0.5,0.017262342,0.0189,-1.29,0.228429553,1,0.5,-0.573,1.22,-0.573,-0.0731,NA,Phosphatidylinositol-4-phosphate 5-kinase and related FYVE finger-containing proteins,NA
1581175,0.004809645,0.000415,1.79,0.009829157,0.000577,-1.5,0.004809645,0.000169,-1.79,1,1,-9.81E-17,0.677,0.969,-0.823,-0.823,NA,"Alkyl hydroperoxide reductase, thiol specific antioxidant and related enzymes",NA
1581244,0.01962682,0.0368,1.79,1,0.905,-7.85E-17,0.01962682,0.0263,-1.79,1,1,-7.85E-17,-0.448,1.34,-0.448,-0.448,NA,Uncharacterized conserved protein Sand,NA
1581333,0.000546293,5.93E-11,3.6,0.045256417,0.0764,-1.19,0.000655621,3.68E-11,-3.46,0.759947251,1,0.143,0.061,2.33,-1.27,-1.13,Choline dehydrogenase.,Glucose dehydrogenase/choline dehydrogenase/mandelonitrile lyase (GMC oxidoreductase family),NA
1581343,1,0.907,0,0.000171527,1.92E-14,-1,1,0.885,-1.57E-16,1,1,-1.57E-16,0.75,-0.25,-0.25,-0.25,NA,Permease of the major facilitator superfamily,NA
1581646,0.648971238,0.868,0.255,0.196942299,0.549,-0.789,0.023537959,0.0397,-1.72,0.040383215,1,-1.47,-0.206,0.728,0.473,-0.995,NA,Sorbitol dehydrogenase,NA
1581812,1,0.907,0,0.000171527,1.92E-14,-1,1,0.885,-1.57E-16,1,1,-1.57E-16,0.75,-0.25,-0.25,-0.25,NA,Nuclear division RFT1 protein,NA
1581914,0.005126048,0.000546,1.65,0.203284073,0.559,-0.5,0.025579997,0.0468,-1.08,0.157031487,1,0.569,0.246,0.831,-0.823,-0.254,NA,Predicted RNA-binding protein involved in translational regulation,NA
1582039,0.003371965,7.47E-05,2.29,0.055776381,0.119,1.07,0.01055446,0.00392,1.73,0.000279642,1,4.02,0.636,-0.0245,-2.32,1.71,3-oxoacyl-[acyl-carrier protein] reductase.,Reductases with broad range of substrate specificities,NA
1582050,0.046628958,0.174,1.29,0.352004134,0.733,-0.5,0.015183401,0.013,-1.79,0.352004134,1,-0.5,-0.198,1.09,-0.198,-0.698,Queuine tRNA-ribosyltransferase.,Queuine-tRNA ribosyltransferase,NA
1582168,1,0.907,0,0.001967466,1.67E-08,-1.29,1,0.885,-1.57E-16,1,1,-1.57E-16,0.969,-0.323,-0.323,-0.323,NA,Nucleolar RNA-associated protein (NRAP),NA
1582264,0.001862079,2.40E-06,-8.84,0.016011233,0.00424,-5.2,1,0.885,-4.71E-16,0.001862079,1,-8.84,1.69,-3.51,5.33,-3.51,"Cellulose 1,4-beta-cellobiosidase.",NA,NA
1582531,0.199992083,0.661,-0.5,0.032773881,0.0342,-1,1,0.885,-1.24E-16,0.199992083,1,-0.5,0.625,-0.375,0.125,-0.375,NA,"Cytoplasmic protein Max-1, contains PH, MyTH4 and FERM domains",NA
1582632,0.001967466,3.31E-06,1.29,1,0.905,1.18E-16,0.001967466,7.92E-07,-1.29,1,1,1.18E-16,-0.323,0.969,-0.323,-0.323,NA,Uncharacterized conserved protein,NA
1582649,0.000171527,7.22E-15,1,1,0.905,1.11E-16,0.000171527,9.40E-15,-1,1,1,1.11E-16,-0.25,0.75,-0.25,-0.25,Ubiquitinyl hydrolase 1.,Ubiquitin C-terminal hydrolase,NA
1582823,0.000171527,7.22E-15,1,1,0.905,1.11E-16,0.000171527,9.40E-15,-1,1,1,1.11E-16,-0.25,0.75,-0.25,-0.25,Phenol 2-monooxygenase.,Monooxygenase involved in coenzyme Q (ubiquinone) biosynthesis,NA
1582968,0.001967466,3.31E-06,1.29,1,0.905,1.18E-16,0.001967466,7.92E-07,-1.29,1,1,1.18E-16,-0.323,0.969,-0.323,-0.323,NA,"Molecular chaperone Prefoldin, subunit 2",NA
1583095,0.025011967,0.0597,1.5,0.334687451,0.719,-0.5,0.025011967,0.0448,-1.5,1,1,7.85E-17,0,1,-0.5,-0.5,NA,NA,NA
1583140,0.013092951,0.013,2,0.190827206,0.54,-0.792,0.013092951,0.00821,-2,1,1,1.57E-16,0.0944,1.3,-0.698,-0.698,Peptidylprolyl isomerase.,FKBP-type peptidyl-prolyl cis-trans isomerase,NA
1583256,0.420241306,0.813,0.5,0.010812087,0.000871,-2.29,0.420241306,0.765,-0.5,1,1,-1.57E-16,1.59,-0.198,-0.698,-0.698,NA,"Transcription initiation factor TFIID, subunit TAF6 (also component of histone acetyltransferase SAGA)",NA
1583550,1,0.907,0,0.000171527,1.92E-14,-1,1,0.885,-1.57E-16,1,1,-1.57E-16,0.75,-0.25,-0.25,-0.25,NA,Predicted mechanosensitive ion channel,NA
1583625,0.007353329,0.00199,1.5,1,0.905,1.57E-16,0.007353329,0.000983,-1.5,1,1,1.57E-16,-0.375,1.12,-0.375,-0.375,Acting on ester bonds.,5'-3' exonuclease,NA
1583658,0.401568236,0.806,0.5,0.029817116,0.0275,-1.66,0.401568236,0.756,-0.5,1,1,-2.36E-16,1.12,-0.0402,-0.54,-0.54,NA,ATP-dependent DNA ligase I,NA
1583834,0.000171527,7.22E-15,1,1,0.905,1.11E-16,0.000171527,9.40E-15,-1,1,1,1.11E-16,-0.25,0.75,-0.25,-0.25,NA,NA,NA
1583850,0.045134387,0.165,1.24,0.330467024,0.716,0.5,0.007892953,0.00132,-2.02,0.154990502,1,-0.779,-1.08,1.45,0.204,-0.575,NA,Karyopherin (importin) beta 1,NA
1583944,1,0.907,0,0.000171527,1.92E-14,-1,1,0.885,-1.57E-16,1,1,-1.57E-16,0.75,-0.25,-0.25,-0.25,Mannosyl-glycoprotein endo-beta-N-acetylglucosamidase.,Predicted glycosylhydrolase,NA
1584268,0.140922275,0.556,0.531,0.022433047,0.0126,1,0.213969726,0.597,-0.432,0.755551397,1,0.0994,-0.833,0.599,0.0675,0.167,NA,Guanine nucleotide exchange factor,NA
1584298,1,0.907,0,0.001200121,1.35E-10,-3.49,0.373571594,0.741,-0.5,0.373571594,1,-0.5,2.37,-0.622,-0.622,-1.12,NA,NA,NA
1584379,0.001551875,7.24E-07,3.29,0.117413773,0.377,-0.973,0.002226912,1.83E-06,-3.03,0.62910307,1,0.263,0.0377,2.1,-1.2,-0.935,Choline dehydrogenase.,Glucose dehydrogenase/choline dehydrogenase/mandelonitrile lyase (GMC oxidoreductase family),NA
1584588,0.217417375,0.683,0.5,0.001936341,1.50E-08,-2.16,0.217417375,0.602,-0.5,1,1,-7.85E-17,1.5,-0.165,-0.665,-0.665,NA,"Prefoldin subunit 6, KE2 family",NA
1584604,0.003574353,0.000101,2.32,0.189190188,0.538,-0.668,0.003186981,1.80E-05,-2.38,0.889358871,1,-0.064,-0.111,1.61,-0.715,-0.779,Acetoacetate--CoA ligase.,Acyl-CoA synthetase,NA
1584732,0.018979047,0.0341,1.66,0.345262956,0.727,-0.5,0.006933998,0.000806,-2.16,0.345262956,1,-0.5,-0.29,1.37,-0.29,-0.79,NA,Dual specificity phosphatase,NA
1584763,0.000171527,7.22E-15,1,1,0.905,1.11E-16,0.000171527,9.40E-15,-1,1,1,1.11E-16,-0.25,0.75,-0.25,-0.25,In linear amides.,Sirtuin 5 and related class III sirtuins (SIR2 family),NA
1584908,0.000171527,7.22E-15,-1,0.000171527,1.92E-14,-1,1,0.885,-7.85E-17,0.000171527,1,-1,0.5,-0.5,0.5,-0.5,NA,Meiotic recombination protein Dmc1,NA
1586393,0.000171527,7.22E-15,1,1,0.905,1.11E-16,0.000171527,9.40E-15,-1,1,1,1.11E-16,-0.25,0.75,-0.25,-0.25,NA,NA,NA
1586483,1,0.907,0,0.000171527,1.92E-14,-1,1,0.885,-1.57E-16,1,1,-1.57E-16,0.75,-0.25,-0.25,-0.25,NA,NA,NA
1586532,0.000171527,7.22E-15,1,1,0.905,1.11E-16,0.000171527,9.40E-15,-1,1,1,1.11E-16,-0.25,0.75,-0.25,-0.25,NA,NA,NA
1586840,0.000144511,7.22E-15,1.79,1,0.905,-1.96E-17,0.000144511,9.40E-15,-1.79,1,1,-1.96E-17,-0.448,1.34,-0.448,-0.448,"Gamma-butyrobetaine,2-oxoglutarate dioxygenase.","Gamma-butyrobetaine,2-oxoglutarate dioxygenase",NA
1586928,0.007262917,0.00192,2.08,0.334687451,0.719,-0.5,0.007262917,0.000944,-2.08,1,1,7.85E-17,-0.146,1.44,-0.646,-0.646,NA,Uncharacterized conserved protein,NA
1586931,0.000171527,7.22E-15,1,1,0.905,1.11E-16,0.000171527,9.40E-15,-1,1,1,1.11E-16,-0.25,0.75,-0.25,-0.25,NA,Predicted GTPase-activating protein,NA
1587141,0.025011967,0.0597,1.5,0.334687451,0.719,-0.5,0.025011967,0.0448,-1.5,1,1,9.81E-17,0,1,-0.5,-0.5,NA,"Membrane coat complex Retromer, subunit VPS29/PEP11",NA
1587169,1,0.907,0,0.001967466,1.67E-08,-1.29,1,0.885,-1.57E-16,1,1,-1.57E-16,0.969,-0.323,-0.323,-0.323,NA,Oxysterol-binding protein,NA
1587230,0.199992083,0.661,0.5,0.032773881,0.0342,-1,0.199992083,0.575,-0.5,1,1,0,0.625,0.125,-0.375,-0.375,NA,NA,NA
1587421,0.000171527,7.22E-15,1,1,0.905,1.11E-16,0.000171527,9.40E-15,-1,1,1,1.11E-16,-0.25,0.75,-0.25,-0.25,NA,NA,NA
1587550,1,0.907,0,0.000171527,1.92E-14,-1,1,0.885,-1.57E-16,1,1,-1.57E-16,0.75,-0.25,-0.25,-0.25,NA,NA,NA
1587593,0.254022114,0.72,0.5,0.021694493,0.0114,-1.29,0.254022114,0.647,-0.5,1,1,-1.18E-16,0.844,0.0519,-0.448,-0.448,NA,NA,NA
1587834,1,0.907,0,0.000834058,1.67E-12,-2.5,1,0.885,-2.75E-16,1,1,-2.75E-16,1.88,-0.625,-0.625,-0.625,NA,60S acidic ribosomal protein P2,NA
1587840,0.025011967,0.0597,1.5,0.334687451,0.719,-0.5,0.025011967,0.0448,-1.5,1,1,7.85E-17,0,1,-0.5,-0.5,DNA ligase (ATP).,ATP-dependent DNA ligase IV,NA
1587913,0.019082882,0.0345,2.29,0.017431523,0.00572,-2.35,0.074619633,0.274,-1.5,0.286143373,1,0.792,1.59,0.736,-1.56,-0.764,NA,NA,NA
1588110,0.053049932,0.212,-1.22,0.001103688,5.35E-11,-3.32,0.002892845,1.00E-05,-2.66,0.000552453,1,-3.88,0.857,0.196,1.41,-2.47,NA,Transcription factor containing NAC and TS-N domains,NA
1588131,0.001815334,2.06E-06,2.5,0.000329927,1.92E-14,-3.66,0.001815334,4.69E-07,-2.5,1,1,-2.36E-16,2.12,0.96,-1.54,-1.54,NA,Mitochondrial endonuclease,NA
1588158,0.000171527,7.22E-15,1,1,0.905,1.11E-16,0.000171527,9.40E-15,-1,1,1,1.11E-16,-0.25,0.75,-0.25,-0.25,Ubiquitin--protein ligase.,Serine/threonine kinase receptor-associated protein,NA
1588360,0.228429553,0.695,0.5,0.004809645,1.49E-05,-1.79,0.228429553,0.616,-0.5,1,1,3.93E-17,1.22,-0.0731,-0.573,-0.573,NA,NA,NA
1588724,0.334687451,0.776,-0.5,0.025011967,0.0172,-1.5,1,0.885,-3.93E-17,0.334687451,1,-0.5,1,-0.5,0,-0.5,NA,WD40 repeat protein,NA
1588773,0.000171527,7.22E-15,1,1,0.905,1.11E-16,0.000171527,9.40E-15,-1,1,1,1.11E-16,-0.25,0.75,-0.25,-0.25,NA,NA,NA
1588846,0.034985135,0.104,1.63,0.746699677,0.873,0.191,0.025132268,0.0452,-1.79,0.777743847,1,-0.167,-0.633,1.35,-0.275,-0.442,NA,Uncharacterized conserved protein,NA
1589133,0.001967466,3.31E-06,1.29,1,0.905,1.18E-16,0.001967466,7.92E-07,-1.29,1,1,1.18E-16,-0.323,0.969,-0.323,-0.323,NA,"Predicted guanine nucleotide exchange factor, contains Sec7 domain",NA
1589186,0.000148675,7.22E-15,2.29,1,0.905,1.96E-16,0.000148675,9.40E-15,-2.29,1,1,1.96E-16,-0.573,1.72,-0.573,-0.573,NA,NA,NA
1589253,0.000171527,7.22E-15,1,1,0.905,1.11E-16,0.000171527,9.40E-15,-1,1,1,1.11E-16,-0.25,0.75,-0.25,-0.25,NA,NA,NA
1589315,0.006228805,0.00116,1.79,0.050773348,0.0975,-1,0.002225557,1.82E-06,-2.29,0.254022114,1,-0.5,0.0519,1.34,-0.448,-0.948,NA,NA,NA
158933,0.000171527,7.22E-15,1,1,0.905,1.11E-16,0.000171527,9.40E-15,-1,1,1,1.11E-16,-0.25,0.75,-0.25,-0.25,NA,"Putative transcription factor HALR/MLL3, involved in embryonic development","FY-rich, N-terminal"
1589356,0.401568236,0.806,0.5,0.029817116,0.0275,-1.66,0.401568236,0.756,-0.5,1,1,-2.36E-16,1.12,-0.0402,-0.54,-0.54,NA,Serine/threonine protein kinase,NA
1589452,0.030300664,0.0823,0.66,0.785345654,0.879,0.0625,0.023702793,0.0403,-0.709,0.831501635,1,-0.0487,-0.236,0.535,-0.125,-0.174,1-phosphatidylinositol 4-kinase.,Phosphatidylinositol 4-kinase,NA
1589482,1,0.907,0,0.01962682,0.00845,-1.79,1,0.885,0,1,1,0,1.34,-0.448,-0.448,-0.448,Serine/threonine specific protein phosphatase.,Serine/threonine protein phosphatase,NA
1589487,0.199992083,0.661,-0.5,0.032773881,0.0342,1,0.032773881,0.0695,1,0.199992083,1,0.5,-0.375,-0.375,0.125,0.625,NA,NA,NA
1589592,0.013675633,0.0146,1.66,1,0.905,2.36E-16,0.013675633,0.00943,-1.66,1,1,2.36E-16,-0.415,1.25,-0.415,-0.415,NA,Predicted coiled-coil protein,NA
1589628,0.000171527,7.22E-15,1,1,0.905,1.11E-16,0.000171527,9.40E-15,-1,1,1,1.11E-16,-0.25,0.75,-0.25,-0.25,NA,Phosphoinositide phosphatase SAC1,NA
1589689,0.060128447,0.252,1.5,0.034456885,0.0388,-1.79,0.060128447,0.205,-1.5,1,1,1.57E-16,0.969,0.677,-0.823,-0.823,Hydroxyacylglutathione hydrolase.,Glyoxylase,NA
1589742,0.001936341,3.02E-06,2.16,0.217417375,0.581,-0.5,0.001936341,7.17E-07,-2.16,1,1,7.85E-17,-0.165,1.5,-0.665,-0.665,NA,Sexual differentiation process protein ISP4,NA
1589989,0.002225557,7.04E-06,-2.29,0.012540075,0.00164,-1.5,1,0.885,0,0.002225557,1,-2.29,0.552,-0.948,1.34,-0.948,NA,Translation initiation factor 2C (eIF-2C) and related proteins,NA
1590127,0.73663394,0.881,0.208,0.009933612,0.000605,-2.4,0.148973405,0.499,-1,0.233884206,1,-0.792,1.35,-0.049,-0.257,-1.05,NA,NA,NA
1590133,0.010191981,0.00605,-1,0.102290178,0.324,0.492,0.004148853,7.98E-05,1.25,0.35406815,1,0.25,0.00637,-0.752,0.248,0.498,NA,NA,NA
1590455,0.007353329,0.00199,1.5,0.032773881,0.0342,1,0.199992083,0.575,-0.5,0.032773881,1,1,-0.625,0.875,-0.625,0.375,NA,FGF receptor activating protein 1,NA
1590463,0.013675633,0.0146,1.66,1,0.905,2.36E-16,0.013675633,0.00943,-1.66,1,1,2.36E-16,-0.415,1.25,-0.415,-0.415,NA,NA,NA
1590597,0.000171527,7.22E-15,1,1,0.905,1.11E-16,0.000171527,9.40E-15,-1,1,1,1.11E-16,-0.25,0.75,-0.25,-0.25,Hydrolases.,5'-3' exonuclease,NA
1590701,0.007353329,0.00199,1.5,1,0.905,1.57E-16,0.007353329,0.000983,-1.5,1,1,1.57E-16,-0.375,1.12,-0.375,-0.375,NA,Predicted short chain-type dehydrogenase,NA
1591001,0.071305027,0.311,2.02,0.408876996,0.769,-0.792,0.019509842,0.026,-3.02,0.307499459,1,-1,-0.411,1.82,-0.204,-1.2,Oxoglutarate dehydrogenase (lipoamide).,"Predicted 2-oxoglutarate dehydrogenase, E1 subunit",NA
1591427,1,0.907,0,0.000171527,1.92E-14,-1,1,0.885,-1.57E-16,1,1,-1.57E-16,0.75,-0.25,-0.25,-0.25,NA,Regulator of ATP-sensitive K+ channels Alpha-endosulfine/ARPP-19 and related cAMP-regulated phosphoproteins,NA
1591556,1,0.907,0,0.007353329,0.000138,-1.5,1,0.885,-1.96E-16,1,1,-1.96E-16,1.12,-0.375,-0.375,-0.375,NA,"Molecular chaperone Prefoldin, subunit 5",NA
1591897,1,0.907,0,0.007353329,0.000138,-1.5,1,0.885,-1.96E-16,1,1,-1.96E-16,1.12,-0.375,-0.375,-0.375,4-coumarate--CoA ligase.,Acyl-CoA synthetase,NA
1591907,1,0.907,0,0.007353329,0.000138,-1.5,0.032773881,0.0695,-1,0.032773881,1,-1,0.625,0.125,0.125,-0.875,Acylaminoacyl-peptidase.,Dipeptidyl aminopeptidase,NA
1591943,0.000171527,7.22E-15,1,1,0.905,1.11E-16,0.000171527,9.40E-15,-1,1,1,1.11E-16,-0.25,0.75,-0.25,-0.25,NA,NA,NA
1591966,0.037511788,0.119,-1.92,0.007671255,0.000172,-2.96,0.02473125,0.0439,-2.17,0.002014981,1,-4.08,0.659,-0.136,1.78,-2.3,NA,Translation initiation factor 5A (eIF-5A),NA
1592079,0.000611823,2.02E-10,3.81,0.710021623,0.867,0.189,0.003771926,4.76E-05,-2.51,0.044033321,1,1.3,-0.445,2.26,-1.55,-0.256,NA,NA,NA
1592144,0.334687451,0.776,-0.5,0.025011967,0.0172,-1.5,1,0.885,-7.85E-17,0.334687451,1,-0.5,1,-0.5,0,-0.5,NA,NA,NA
1592400,0.022261098,0.048,2.17,1,0.905,3.14E-16,0.005191515,0.000243,-3.17,0.1885329,1,-1,-1.04,2.13,-0.0425,-1.04,NA,NA,NA
1592458,0.000171527,7.22E-15,1,1,0.905,1.11E-16,0.000171527,9.40E-15,-1,1,1,1.11E-16,-0.25,0.75,-0.25,-0.25,NA,NA,NA
1592592,0.254022114,0.72,0.5,0.021694493,0.0114,-1.29,0.254022114,0.647,-0.5,1,1,0,0.844,0.0519,-0.448,-0.448,Methionine--tRNA ligase.,Methionyl-tRNA synthetase,NA
1592883,0.128980816,0.526,-0.605,0.008859429,0.000355,-1.4,0.001044019,4.64E-09,-2.33,0.000369582,1,-2.94,-0.264,0.664,1.27,-1.67,Glutamate dehydrogenase.,Glutamate/leucine/phenylalanine/valine dehydrogenases,NA
1593170,0.007353329,0.00199,1.5,1,0.905,1.57E-16,0.007353329,0.000983,-1.5,1,1,1.57E-16,-0.375,1.12,-0.375,-0.375,NA,Predicted dinucleotide-utilizing enzyme involved in molybdopterin and thiamine biosynthesis,NA
1593270,0.034697034,0.103,3.22,0.505993499,0.813,-0.792,0.008630758,0.00187,-4.72,0.234350051,1,-1.5,-0.961,2.97,-0.253,-1.75,Beta-glucosidase.,NA,NA
1593372,0.334687451,0.776,0.5,0.003445697,1.56E-06,-2.5,0.334687451,0.717,-0.5,1,1,-2.75E-16,1.75,-0.25,-0.75,-0.75,NA,Two-component phosphorelay intermediate involved in MAP kinase cascade regulation,NA
1593410,0.015457947,0.0205,0.75,0.008563351,0.000301,0.875,0.567998366,0.816,-0.125,0.029567303,1,0.625,-0.531,0.469,-0.281,0.344,NA,Predicted sugar transporter,NA
1593480,0.127719453,0.523,1.43,0.098691976,0.31,-1.58,0.018609079,0.023,-2.71,0.161261122,1,-1.28,0.191,1.31,-0.111,-1.39,NA,NADH-dehydrogenase (ubiquinone),NA
1594001,1,0.907,0,0.001967466,1.67E-08,-1.29,1,0.885,-1.77E-16,1,1,-1.77E-16,0.969,-0.323,-0.323,-0.323,NA,NA,NA
1594280,0.022316066,0.0482,1.44,0.041187599,0.0614,-1.2,0.009624932,0.0028,-1.8,0.44050645,1,-0.364,0.358,0.96,-0.477,-0.841,NA,Elongation factor 2,NA
1594395,0.000979034,1.88E-08,2.95,0.281493087,0.668,-0.5,0.000979034,2.52E-09,-2.95,1,1,1.95E-16,-0.363,2.09,-0.863,-0.863,NA,NA,NA
1594411,0.000171527,7.22E-15,1,1,0.905,1.11E-16,0.000171527,9.40E-15,-1,1,1,1.11E-16,-0.25,0.75,-0.25,-0.25,NA,NA,NA
1594539,1,0.907,0,0.000171527,1.92E-14,-1,1,0.885,-1.57E-16,1,1,-1.57E-16,0.75,-0.25,-0.25,-0.25,NA,Carboxylesterase and related proteins,NA
1594574,0.308262584,0.76,0.247,0.237737886,0.61,-0.292,0.001992184,8.57E-07,-1.32,0.004781361,1,-1.07,-0.38,0.65,0.402,-0.672,NA,Predicted transporter (major facilitator superfamily),NA
1594611,0.000171527,7.22E-15,1,1,0.905,1.11E-16,0.000171527,9.40E-15,-1,1,1,1.11E-16,-0.25,0.75,-0.25,-0.25,NA,Predicted membrane protein,NA
1594661,0.004764621,0.000398,2.4,0.906923599,0.895,0.0597,0.006881264,0.000784,-2.2,0.687113517,1,0.208,-0.542,1.71,-0.69,-0.482,NA,Pentafunctional AROM protein,NA
1594782,0.000171527,7.22E-15,1,1,0.905,1.11E-16,0.000171527,9.40E-15,-1,1,1,1.11E-16,-0.25,0.75,-0.25,-0.25,NA,NA,NA
1594827,0.254022114,0.72,-0.5,0.021694493,0.0114,-1.29,1,0.885,-1.18E-16,0.254022114,1,-0.5,0.844,-0.448,0.0519,-0.448,Phenol 2-monooxygenase.,Monooxygenase involved in coenzyme Q (ubiquinone) biosynthesis,NA
1594976,0.334687451,0.776,-0.5,0.069749362,0.184,1.08,0.007262917,0.000944,2.08,0.020588351,1,1.58,0.104,-0.896,-0.396,1.19,NA,ADP-ribosylation factor GTPase activator,NA
1595035,0.007353329,0.00199,1.5,1,0.905,1.57E-16,0.007353329,0.000983,-1.5,1,1,1.57E-16,-0.375,1.12,-0.375,-0.375,NA,NA,NA
1595068,0.199992083,0.661,0.5,0.032773881,0.0342,1,0.199992083,0.575,0.5,0.032773881,1,1,-0.375,0.125,-0.375,0.625,NA,"Predicted RNA-binding protein, contains Pumilio domains",NA
1595246,1,0.907,0,0.000171527,1.92E-14,-1,1,0.885,-1.57E-16,1,1,-1.57E-16,0.75,-0.25,-0.25,-0.25,NA,Cytochrome P450 CYP2 subfamily,NA
1595273,0.121347532,0.505,2.01,0.057414773,0.126,-2.66,0.023288987,0.0389,-3.51,0.222163546,1,-1.5,0.743,1.59,-0.418,-1.92,NA,"Oligosaccharyltransferase, alpha subunit (ribophorin I)",NA
1595458,0.007353329,0.00199,1.5,1,0.905,1.57E-16,0.007353329,0.000983,-1.5,1,1,1.57E-16,-0.375,1.12,-0.375,-0.375,Carboxypeptidase C.,Serine carboxypeptidases (lysosomal cathepsin A),NA
1595549,1,0.907,0,1.98E-05,1.92E-14,-1.58,1,0.885,-1.57E-16,1,1,-1.57E-16,1.19,-0.396,-0.396,-0.396,NA,NA,NA
1595573,0.000171527,7.22E-15,1,1,0.905,1.11E-16,0.000171527,9.40E-15,-1,1,1,1.11E-16,-0.25,0.75,-0.25,-0.25,NA,NA,NA
1595705,0.000171527,7.22E-15,1,1,0.905,1.11E-16,0.000171527,9.40E-15,-1,1,1,1.11E-16,-0.25,0.75,-0.25,-0.25,NA,Predicted membrane protein,NA
1595919,1,0.907,0,0.000171527,1.92E-14,-1,1,0.885,-1.57E-16,1,1,-1.57E-16,0.75,-0.25,-0.25,-0.25,NA,PHD finger protein BR140/LIN-49,NA
1595932,0.199992083,0.661,0.5,0.032773881,0.0342,-1,0.199992083,0.575,-0.5,1,1,-7.85E-17,0.625,0.125,-0.375,-0.375,NA,NA,NA
1596047,0.001967466,3.31E-06,1.29,1,0.905,1.18E-16,0.001967466,7.92E-07,-1.29,1,1,1.18E-16,-0.323,0.969,-0.323,-0.323,NA,"Serine/threonine protein kinase and endoribonuclease ERN1/IRE1, sensor of the unfolded protein response pathway",NA
1596233,1,0.907,0,0.013675633,0.0023,-1.66,1,0.885,-3.14E-16,1,1,-3.14E-16,1.25,-0.415,-0.415,-0.415,NA,NA,NA
1596336,1,0.907,0,0.000171527,1.92E-14,-1,1,0.885,-1.57E-16,1,1,-1.57E-16,0.75,-0.25,-0.25,-0.25,NA,NA,NA
1596625,0.000171527,7.22E-15,1,1,0.905,1.11E-16,0.000171527,9.40E-15,-1,1,1,1.11E-16,-0.25,0.75,-0.25,-0.25,NA,NA,NA
1597037,0.557536438,0.851,0.208,0.020294106,0.00936,-1.12,0.09302017,0.348,-0.689,0.205924304,1,-0.482,0.55,0.116,-0.092,-0.574,Exoribonucleases producing 5'-phosphomonoesters.,"Exosomal 3'-5' exoribonuclease complex, subunit Rrp44/Dis3",NA
1597038,0.027709511,0.0715,1.55,0.115563667,0.37,-0.953,0.009966778,0.00318,-2.05,0.36356633,1,-0.499,0.0779,1.17,-0.377,-0.875,Isocitrate dehydrogenase (NAD+).,"Isocitrate dehydrogenase, alpha subunit",NA
1597639,0.466333711,0.828,-0.5,0.020163044,0.00918,2.16,0.009218554,0.0024,2.66,0.020163044,1,2.16,-0.415,-0.915,-0.415,1.75,NA,Membrane component of ER protein translocation complex,NA
1597696,0.809141772,0.889,0.255,0.051291396,0.0995,-2.58,0.020270604,0.0285,-3.42,0.026648997,1,-3.16,0.294,1.13,0.87,-2.29,Adenylosuccinate lyase.,Adenylosuccinate lyase,NA
1598225,0.000171527,7.22E-15,1,1,0.905,1.11E-16,0.000171527,9.40E-15,-1,1,1,1.11E-16,-0.25,0.75,-0.25,-0.25,NA,"Chaperonin complex component, TCP-1 gamma subunit (CCT3)",NA
1598334,6.59E-06,7.22E-15,2,1.94E-06,1.92E-14,-2.58,6.59E-06,9.40E-15,-2,1,1,-1.57E-16,1.44,0.854,-1.15,-1.15,Phosphatidylserine decarboxylase.,Phosphatidylserine decarboxylase,NA
1598588,0.053457367,0.214,2.29,0.603413618,0.843,-0.5,0.011410537,0.00517,-3.58,0.21283533,1,-1.29,-0.844,2.24,-0.0519,-1.34,NA,NA,NA
1599073,1,0.907,0,0.000171527,1.92E-14,-1,1,0.885,-1.57E-16,1,1,-1.57E-16,0.75,-0.25,-0.25,-0.25,NA,NA,NA
1599363,0.199992083,0.661,0.5,0.032773881,0.0342,-1,0.199992083,0.575,-0.5,1,1,0,0.625,0.125,-0.375,-0.375,"With 2-oxoglutarate as one donor, and incorporation of one","DNA-binding protein jumonji/RBP2/SMCY, contains JmjC domain",NA
1599606,0.075972989,0.334,1.07,0.025686927,0.0185,-1.52,0.005595857,0.000342,-2.27,0.055751677,1,-1.19,0.273,1.02,-0.0504,-1.25,Superoxide dismutase.,Manganese superoxide dismutase,NA
1599635,0.000171527,7.22E-15,1,1,0.905,1.11E-16,0.000171527,9.40E-15,-1,1,1,1.11E-16,-0.25,0.75,-0.25,-0.25,DNA-directed RNA polymerase.,"RNA polymerase I, large subunit",NA
1599913,0.000171527,7.22E-15,1,1,0.905,1.11E-16,0.000171527,9.40E-15,-1,1,1,1.11E-16,-0.25,0.75,-0.25,-0.25,NA,NA,NA
1600734,0.009830368,0.00539,2.29,0.214181233,0.576,-0.792,0.009830368,0.00302,-2.29,1,1,0,0.0212,1.52,-0.771,-0.771,NA,NA,NA
1601636,1,0.907,0,0.000171527,1.92E-14,-1,1,0.885,-1.57E-16,1,1,-1.57E-16,0.75,-0.25,-0.25,-0.25,NA,NA,NA
1603683,0.08723542,0.385,1,1,0.905,1.57E-16,0.025011967,0.0448,-1.5,0.334687451,1,-0.5,-0.5,1,0,-0.5,NA,NA,NA
1603895,0.238051423,0.705,0.85,0.00255767,1.55E-07,-3.63,0.006968923,0.00082,-2.85,0.026315864,1,-2,1.51,0.73,-0.12,-2.12,NA,"Zuotin and related molecular chaperones (DnaJ superfamily), contains DNA-binding domains",NA
1609066,0.160517478,0.597,0.5,0.048524166,0.0888,-0.792,0.001523705,1.27E-07,-1.95,0.005343739,1,-1.45,-0.257,0.904,0.404,-1.05,NA,NA,NA
1611728,0.097652457,0.427,0.792,1,0.905,1.57E-16,0.021694493,0.0333,-1.29,0.254022114,1,-0.5,-0.448,0.844,0.0519,-0.448,NA,NA,NA
1613809,0.096668905,0.423,1.29,0.037204588,0.0476,-1.79,0.037204588,0.0896,-1.79,0.462842391,1,-0.5,0.771,0.771,-0.521,-1.02,NA,Predicted membrane protein,NA
1621304,0.000171527,7.22E-15,1,1,0.905,1.11E-16,0.000171527,9.40E-15,-1,1,1,1.11E-16,-0.25,0.75,-0.25,-0.25,NA,NA,NA
1626538,0.252312824,0.718,-1.03,0.063498575,0.154,1.9,0.025562132,0.0467,2.53,0.119067543,1,1.5,-0.419,-1.05,-0.017,1.48,NADPH:quinone reductase.,Predicted quinone oxidoreductase,NA
1627967,0.007952728,0.00265,-1.67,0.00175641,6.87E-09,-2.39,0.002892504,1.00E-05,-2.13,0.000220304,1,-3.8,0.313,0.0505,1.72,-2.08,NA,Aldo/keto reductase family proteins,NA
1628448,0.199992083,0.661,-0.5,0.032773881,0.0342,1,1,0.885,1.11E-16,0.199992083,1,-0.5,-0.875,0.125,0.625,0.125,GMP synthase (glutamine-hydrolysing).,GMP synthase,NA
1628753,0.356007189,0.787,-0.868,0.036148086,0.0441,-2.45,0.191589847,0.565,-1.29,0.053910009,1,-2.16,0.977,-0.184,0.684,-1.48,NA,ATP-dependent RNA helicase,NA
1628965,0.254022114,0.72,0.5,0.021694493,0.0114,-1.29,0.254022114,0.647,-0.5,1,1,-1.57E-16,0.844,0.0519,-0.448,-0.448,NA,NA,NA
1637924,0.254022114,0.72,0.5,0.021694493,0.0114,-1.29,0.254022114,0.647,-0.5,1,1,-1.57E-16,0.844,0.0519,-0.448,-0.448,NA,NA,NA
163892,1,0.907,0,0.000171527,1.92E-14,-1,1,0.885,-1.57E-16,1,1,-1.57E-16,0.75,-0.25,-0.25,-0.25,Aldehyde reductase.,Aldo/keto reductase family proteins,NADP-dependent oxidoreductase domain
1642026,0.000520403,3.45E-11,2.96,0.016013597,0.00424,1.31,0.012651834,0.00734,-1.39,0.007940549,1,1.57,-0.935,1.76,-1.2,0.371,NA,NA,NA
1643331,0.213798715,0.678,0.5,0.02348139,0.0144,1.14,0.354994348,0.73,-0.357,0.699950052,1,0.143,-0.911,0.589,0.0893,0.232,NA,Sister chromatid cohesion protein SCC2/Nipped-B,NA
1643371,0.51679881,0.842,0.544,0.012408919,0.00157,-3.03,0.024006089,0.0413,-2.53,0.052998364,1,-1.99,1.14,0.643,0.0997,-1.89,NA,"26S proteasome regulatory complex, subunit RPN10/PSMD4",NA
1644016,0.570375406,0.854,-0.23,0.00201915,2.06E-08,-2.29,0.000847796,5.98E-10,-2.79,0.000594543,1,-3.02,0.266,0.766,0.995,-2.03,NA,Carbon-nitrogen hydrolase,NA
1645366,1,0.907,0,0.007353329,0.000138,-1.5,1,0.885,-7.85E-17,1,1,-7.85E-17,1.12,-0.375,-0.375,-0.375,NA,CCCH-type Zn-finger protein,NA
1649831,1,0.907,0,0.006228805,6.33E-05,1.79,0.021694493,0.0333,1.29,0.021694493,1,1.29,-0.698,-0.198,-0.198,1.09,NA,Signaling protein DOCK180,NA
1650390,0.199992083,0.661,-0.5,0.032773881,0.0342,1,0.032773881,0.0695,1,0.199992083,1,0.5,-0.375,-0.375,0.125,0.625,NA,NA,NA
1655525,0.000171527,7.22E-15,1,1,0.905,1.11E-16,0.000171527,9.40E-15,-1,1,1,1.11E-16,-0.25,0.75,-0.25,-0.25,NA,Sexual differentiation process protein ISP4,NA
1657557,0.000171527,7.22E-15,1,1,0.905,1.11E-16,0.000171527,9.40E-15,-1,1,1,1.11E-16,-0.25,0.75,-0.25,-0.25,NA,NA,NA
1659060,0.08723542,0.385,1,1,0.905,1.57E-16,0.025011967,0.0448,-1.5,0.334687451,1,-0.5,-0.5,1,0,-0.5,NA,"Armadillo repeat protein VAC8 required for vacuole fusion, inheritance and cytosol-to-vacuole protein targeting",NA
1659600,0.000171527,7.22E-15,1,1,0.905,1.11E-16,0.000171527,9.40E-15,-1,1,1,1.11E-16,-0.25,0.75,-0.25,-0.25,NA,NA,NA
1659611,0.000171527,7.22E-15,1,1,0.905,1.11E-16,0.000171527,9.40E-15,-1,1,1,1.11E-16,-0.25,0.75,-0.25,-0.25,NA,NA,NA
1662783,0.000171527,7.22E-15,1,1,0.905,1.11E-16,0.000171527,9.40E-15,-1,1,1,1.11E-16,-0.25,0.75,-0.25,-0.25,NA,NA,NA
1668858,0.082635258,0.365,0.463,0.118478115,0.38,-0.402,0.002024032,9.56E-07,-1.28,0.01257025,1,-0.821,-0.225,0.657,0.195,-0.627,Catalase.,Catalase,NA
1670767,0.875361543,0.896,0.0877,0.016824931,0.00506,-1.9,0.160107358,0.519,-0.88,0.197454999,1,-0.792,1.01,-0.0139,-0.102,-0.894,NA,"Ras-related small GTPase, Rho type",NA
1671683,0.653976012,0.869,0.292,0.023718379,0.0148,-2,0.254543384,0.648,-0.792,0.452961171,1,-0.5,1.18,-0.0306,-0.323,-0.823,NA,NA,NA
1672080,0.025011967,0.0597,1.5,0.025011967,0.0172,-1.5,0.025011967,0.0448,-1.5,1,1,-5.89E-17,0.75,0.75,-0.75,-0.75,NA,Mitochondrial inheritance and actin cytoskeleton organization protein,NA
1672122,0.017345742,0.0275,1.9,0.394088682,0.761,-0.5,0.007080952,0.000867,-2.4,0.394088682,1,-0.5,-0.351,1.55,-0.351,-0.851,NA,NA,NA
1675183,0.000171527,7.22E-15,1,1,0.905,1.11E-16,0.000171527,9.40E-15,-1,1,1,1.11E-16,-0.25,0.75,-0.25,-0.25,In linear amides.,Sirtuin 5 and related class III sirtuins (SIR2 family),NA
1676194,1,0.907,0,0.000171527,1.92E-14,-1,0.000171527,9.40E-15,-1,0.000171527,1,-1,0.25,0.25,0.25,-0.75,NA,NA,NA
1678219,0.199992083,0.661,0.5,0.032773881,0.0342,-1,0.199992083,0.575,-0.5,1,1,-7.85E-17,0.625,0.125,-0.375,-0.375,Bis(5'-adenosyl)-triphosphatase.,Diadenosine polyphosphate hydrolase and related proteins of the histidine triad (HIT) family,NA
1681835,0.852383912,0.894,0.161,0.011903382,0.00132,-3.23,0.016648879,0.0171,-2.95,0.020408811,1,-2.79,0.986,0.71,0.549,-2.24,Protein disulfide isomerase.,Protein disulfide isomerase (prolyl 4-hydroxylase beta subunit),NA
1685709,0.000171527,7.22E-15,1,1,0.905,1.11E-16,0.000171527,9.40E-15,-1,1,1,1.11E-16,-0.25,0.75,-0.25,-0.25,Tyrosine--tRNA ligase.,Tyrosyl-tRNA synthetase,NA
1686867,7.63E-05,7.22E-15,-3.63,0.027284063,0.0219,-0.909,0.066582587,0.236,-0.685,3.39E-05,1,-4.31,-0.567,-0.791,2.83,-1.48,NA,NA,NA
1689305,0.577265102,0.855,0.192,0.011712102,0.00123,-1.27,0.634519165,0.832,-0.163,0.931641987,1,0.0291,0.922,-0.189,-0.381,-0.352,NA,Exocyst complex subunit SEC6,NA
1700014,1,0.907,0,0.0105661,0.000791,-4.63,0.421768667,0.766,-1,0.421768667,1,-1,2.97,-0.657,-0.657,-1.66,Cathepsin E.,Aspartyl protease,NA
1706912,0.192436041,0.65,-1.62,0.025902583,0.019,-3.4,0.052135028,0.164,-2.75,0.010362161,1,-4.37,0.775,0.117,1.74,-2.63,Glucose-6-phosphate 1-dehydrogenase.,Glucose-6-phosphate 1-dehydrogenase,NA
1711766,0.001150478,7.34E-08,2.22,0.630860284,0.85,-0.165,0.009126517,0.00231,-1.36,0.045242649,1,0.864,0.000628,1.19,-1.03,-0.164,NA,"26S proteasome regulatory complex, subunit RPN1/PSMD2",NA
1713488,0.036041846,0.11,2.5,0.019821493,0.00871,-2.98,0.078122538,0.289,-1.94,0.543617476,1,0.566,1.89,0.849,-1.65,-1.09,NA,60s ribosomal protein L15/L27,NA
1713680,0.000171527,7.22E-15,1,1,0.905,1.11E-16,0.000171527,9.40E-15,-1,1,1,1.11E-16,-0.25,0.75,-0.25,-0.25,NA,Na+/K+ transporter,NA
1713794,0.079781822,0.352,0.806,0.083443352,0.246,-0.792,0.016838631,0.0176,-1.31,0.229786518,1,-0.5,0.143,0.656,-0.15,-0.65,NA,U5 snRNP-specific protein,NA
1714289,0.046628958,0.174,-1.29,0.028675272,0.0249,-1.5,0.352004134,0.728,-0.5,0.015183401,1,-1.79,0.552,-0.448,0.844,-0.948,NA,Mismatch repair ATPase MSH2 (MutS family),NA
1715335,0.199992083,0.661,0.5,0.032773881,0.0342,-1,0.199992083,0.575,-0.5,1,1,0,0.625,0.125,-0.375,-0.375,NA,WD40-repeat-containing subunit of the 18S rRNA processing complex,NA
1715466,0.01962682,0.0368,1.79,1,0.905,7.85E-17,0.01962682,0.0263,-1.79,1,1,7.85E-17,-0.448,1.34,-0.448,-0.448,NA,Uncharacterized conserved protein,NA
1715574,0.001158317,7.75E-08,2.32,0.199992083,0.553,-0.5,0.001158317,1.21E-08,-2.32,1,1,0,-0.205,1.62,-0.705,-0.705,NA,Peripheral-type benzodiazepine receptor and related proteins,NA
1716315,0.10313793,0.447,-1.58,0.017750068,0.00608,-2.79,0.118070645,0.428,-1.5,0.012238858,1,-3.08,0.948,-0.344,1.24,-1.84,NA,"Chaperonin complex component, TCP-1 delta subunit (CCT4)",NA
1716372,0.001856298,2.36E-06,2.08,1,0.905,2.55E-16,0.000718132,1.01E-10,-2.58,0.199992083,1,-0.5,-0.771,1.81,-0.271,-0.771,NA,"Protein farnesyltransferase, alpha subunit/protein geranylgeranyltransferase type I, alpha subunit",NA
1717831,0.10313793,0.447,-1.58,0.017750068,0.00608,-2.79,0.118070645,0.428,-1.5,0.012238858,1,-3.08,0.948,-0.344,1.24,-1.84,NA,"Chaperonin complex component, TCP-1 delta subunit (CCT4)",NA
1724180,0.000171527,7.22E-15,1,1,0.905,1.11E-16,0.000171527,9.40E-15,-1,1,1,1.11E-16,-0.25,0.75,-0.25,-0.25,NA,Protein kinase PCTAIRE and related kinases,NA
1727550,0.000171527,7.22E-15,1,1,0.905,1.11E-16,0.000171527,9.40E-15,-1,1,1,1.11E-16,-0.25,0.75,-0.25,-0.25,NA,NA,NA
1729456,0.199992083,0.661,-0.5,0.032773881,0.0342,-1,1,0.885,-1.24E-16,0.199992083,1,-0.5,0.625,-0.375,0.125,-0.375,In linear amides.,Sirtuin 5 and related class III sirtuins (SIR2 family),NA
1735338,1,0.907,0,0.000171527,1.92E-14,-1,1,0.885,-1.57E-16,1,1,-1.57E-16,0.75,-0.25,-0.25,-0.25,Hydrolases.,Negative regulator of COPII vesicle formation,NA
1735577,0.01962682,0.0368,1.79,0.115219682,0.369,-1,0.01962682,0.0263,-1.79,1,1,-7.85E-17,0.302,1.09,-0.698,-0.698,NA,"Nuclear pore complex, Nup98 component (sc Nup145/Nup100/Nup116)",NA
1737852,0.001967466,3.31E-06,1.29,1,0.905,1.18E-16,0.001967466,7.92E-07,-1.29,1,1,1.18E-16,-0.323,0.969,-0.323,-0.323,NA,NA,NA
1738198,0.987496523,0.906,-0.0112,0.022884766,0.0134,-2.24,0.05523389,0.18,-1.71,0.054159738,1,-1.72,0.82,0.292,0.303,-1.42,NA,Actin filament-coating protein tropomyosin,NA
1740217,0.199992083,0.661,-0.5,0.032773881,0.0342,-1,1,0.885,-1.24E-16,0.199992083,1,-0.5,0.625,-0.375,0.125,-0.375,NA,NA,NA
1741522,0.001967466,3.31E-06,1.29,1,0.905,1.18E-16,0.001967466,7.92E-07,-1.29,1,1,1.18E-16,-0.323,0.969,-0.323,-0.323,NA,"Serine/threonine protein kinase and endoribonuclease ERN1/IRE1, sensor of the unfolded protein response pathway",NA
195452,0.334687451,0.776,0.5,0.025011967,0.0172,-1.5,0.334687451,0.717,-0.5,1,1,-1.57E-16,1,0,-0.5,-0.5,Exoribonucleases producing 5'-phosphomonoesters.,"Exosomal 3'-5' exoribonuclease complex, subunit Rrp44/Dis3",\N
20796,1,0.907,0,0.000171527,1.92E-14,1,0.000171527,9.40E-15,1,0.000171527,1,1,-0.25,-0.25,-0.25,0.75,NA,NA,NA
220020,0.483815832,0.833,0.632,0.026191863,0.0196,-2.64,0.042010388,0.113,-2.29,0.105074927,1,-1.66,0.994,0.643,0.0119,-1.65,NA,Small nuclear ribonucleoprotein Sm D3,Ribonucleoprotein LSM domain
228779,0.187256722,0.643,1.14,0.367195585,0.744,-0.739,0.009141599,0.00233,-3.13,0.045706152,1,-1.99,-0.726,1.67,0.525,-1.47,NA,Subtilisin-like proprotein convertase,Peptidase S8/S53 domain
242070,0.105965088,0.457,0.953,0.761510174,0.875,-0.154,0.022321166,0.0355,-1.59,0.242040075,1,-0.64,-0.443,0.996,0.043,-0.597,Phosphoribosylformylglycinamidine synthase.,Phosphoribosylformylglycinamidine synthase,"AIR synthase related protein, N-terminal domain"
243430,0.199992083,0.661,0.5,0.032773881,0.0342,-1,0.199992083,0.575,-0.5,1,1,0,0.625,0.125,-0.375,-0.375,NA,Uncharacterized conserved protein,\N
269459,1,0.907,0,0.007353329,0.000138,-1.5,1,0.885,-7.85E-17,1,1,-7.85E-17,1.12,-0.375,-0.375,-0.375,NA,WD40 repeat-containing protein,WD40 repeat
286391,0.032773881,0.0922,-1,0.007353329,0.000138,-1.5,1,0.885,-7.85E-17,0.032773881,1,-1,0.875,-0.625,0.375,-0.625,NA,Zinc-binding oxidoreductase,"Alcohol dehydrogenase, C-terminal"
316875,0.000171527,7.22E-15,1,1,0.905,1.11E-16,0.000171527,9.40E-15,-1,1,1,1.11E-16,-0.25,0.75,-0.25,-0.25,NA,NA,NA
318834,1,0.907,0,0.007353329,0.000138,1.5,0.007353329,0.000983,1.5,0.007353329,1,1.5,-0.375,-0.375,-0.375,1.12,NA,NA,NA
351430,1,0.907,0,0.017262342,0.00553,-1.29,0.228429553,0.616,0.5,0.228429553,1,0.5,1.22,-0.573,-0.573,-0.0731,ATP phosphoribosyltransferase.,ATP phosphoribosyltransferase,"ATP phosphoribosyltransferase, catalytic domain"
35681,0.199992083,0.661,0.5,0.032773881,0.0342,1,0.199992083,0.575,0.5,0.032773881,1,1,-0.375,0.125,-0.375,0.625,NA,NA,NA
373147,6.59E-06,7.22E-15,2,1,0.905,2.22E-16,6.59E-06,9.40E-15,-2,1,1,2.22E-16,-0.5,1.5,-0.5,-0.5,NA,NA,Alpha/beta hydrolase fold-1
377581,0.01962682,0.0368,1.79,1,0.905,-7.85E-17,0.01962682,0.0263,-1.79,1,1,-7.85E-17,-0.448,1.34,-0.448,-0.448,NA,NA,"2-nitropropane dioxygenase, NPD"
392603,0.804367729,0.889,0.151,0.02083101,0.0101,-1.95,0.121169805,0.436,-1.08,0.168767489,1,-0.934,0.96,0.0919,-0.0591,-0.993,NA,NA,Domain of unknown function DUF1708
394105,0.001967466,3.31E-06,-1.29,0.005789471,4.29E-05,-1,1,0.885,-7.54E-17,0.001967466,1,-1.29,0.427,-0.573,0.719,-0.573,Transferring phosphorous-containing groups.,Glycosylphosphatidylinositol anchor synthesis protein,Type I phosphodiesterase/nucleotide pyrophosphatase/phosphate transferase
431997,0.000171527,7.22E-15,1,1,0.905,1.11E-16,0.000171527,9.40E-15,-1,1,1,1.11E-16,-0.25,0.75,-0.25,-0.25,NA,NA,NA
441341,0.000171527,7.22E-15,1,1,0.905,1.11E-16,0.000171527,9.40E-15,-1,1,1,1.11E-16,-0.25,0.75,-0.25,-0.25,Aminoadipate-semialdehyde dehydrogenase.,Non-ribosomal peptide synthetase/alpha-aminoadipate reductase and related enzymes,AMP-dependent synthetase/ligase
441893,0.2350603,0.702,-0.474,0.004849343,1.56E-05,-1.72,0.001975464,8.12E-07,-2.13,0.000816219,1,-2.6,0.109,0.516,0.99,-1.61,NA,Predicted transporter (major facilitator superfamily),General substrate transporter
464901,1,0.907,0,0.001967466,1.67E-08,-1.29,1,0.885,-1.77E-16,1,1,-1.77E-16,0.969,-0.323,-0.323,-0.323,NA,NA,NA
489725,1,0.907,0,0.000171527,1.92E-14,-1,1,0.885,-1.57E-16,1,1,-1.57E-16,0.75,-0.25,-0.25,-0.25,Thiolester hydrolases.,HGG motif-containing thioesterase,Thioesterase superfamily
495270,1,0.907,0,0.000171527,1.92E-14,1,0.000171527,9.40E-15,1,0.000171527,1,1,-0.25,-0.25,-0.25,0.75,NA,Permease of the major facilitator superfamily,Major facilitator superfamily
496887,0.001527889,6.48E-07,2.5,0.021694493,0.0114,-1.29,0.001527889,1.30E-07,-2.5,1,1,0,0.344,1.55,-0.948,-0.948,"With 2-oxoglutarate as one donor, and incorporation of one","DNA-binding protein jumonji/RBP2/SMCY, contains JmjC domain","Zinc finger, PHD-finger"
496985,0.254022114,0.72,-0.5,0.021694493,0.0114,-1.29,1,0.885,-1.37E-16,0.254022114,1,-0.5,0.844,-0.448,0.0519,-0.448,NA,NA,Up-regulated during septation protein 1
511582,0.152224548,0.581,-0.926,0.096918466,0.303,-1.12,0.011837906,0.00587,-2.15,0.002764386,1,-3.07,-0.465,0.562,1.49,-1.59,NA,NIPSNAP1 protein,NIPSNAP
551445,0.883009733,0.897,-0.0581,0.017525725,0.00583,1.33,0.172592774,0.539,0.6,0.210062976,1,0.542,-0.712,0.0182,0.0763,0.618,NA,NA,NA
553739,0.03240884,0.0908,1.5,0.017358192,0.00564,-1.79,0.106049131,0.392,-1,0.367869898,1,0.5,1.22,0.427,-1.07,-0.573,NA,Cytosolic sorting protein GGA2/TOM1,VHS
555811,0.000171527,7.22E-15,1,1,0.905,1.11E-16,0.000171527,9.40E-15,-1,1,1,1.11E-16,-0.25,0.75,-0.25,-0.25,NA,NA,NA
589255,0.334687451,0.776,0.5,0.025011967,0.0172,-1.5,0.334687451,0.717,-0.5,1,1,-1.37E-16,1,0,-0.5,-0.5,Peptidylprolyl isomerase.,Similar to cyclophilin-type peptidyl-prolyl cis-trans isomerase,Cyclophilin-type peptidyl-prolyl cis-trans isomerase domain
617289,0.008586494,0.00347,2,0.004953437,1.78E-05,-2.29,0.008586494,0.00184,-2,1,1,-1.57E-16,1.22,0.927,-1.07,-1.07,NA,40 kDa farnesylated protein associated with peroxisomes,Pex19 protein
617603,0.0027019,2.25E-05,0.896,0.709121906,0.866,-0.0625,0.003767786,4.74E-05,-0.828,0.6860993,1,0.0678,-0.143,0.622,-0.274,-0.206,NA,NA,Aminoglycoside phosphotransferase
628876,0.021694493,0.0455,1.29,0.254022114,0.634,-0.5,0.021694493,0.0333,-1.29,1,1,0,0.0519,0.844,-0.448,-0.448,NA,NA,\N
634176,0.199992083,0.661,0.5,0.032773881,0.0342,-1,0.032773881,0.0695,-1,0.199992083,1,-0.5,0.375,0.375,-0.125,-0.625,Alpha-amylase.,Alpha-amylase,"Glycosyl hydrolase, family 13, catalytic domain"
650931,3.17E-05,7.22E-15,5.28,5.22E-05,1.92E-14,-4.75,5.07E-05,9.40E-15,-4.78,0.214882897,1,0.5,2.49,2.52,-2.76,-2.26,NA,NA,Cupin 1
658043,0.000171527,7.22E-15,1,1,0.905,1.11E-16,0.000171527,9.40E-15,-1,1,1,1.11E-16,-0.25,0.75,-0.25,-0.25,NA,NA,NA
671342,0.008567617,0.00344,2,1,0.905,1.57E-16,0.003445697,2.86E-05,-2.5,0.334687451,1,-0.5,-0.75,1.75,-0.25,-0.75,NA,WD40-repeat-containing subunit of the 18S rRNA processing complex,WD40 repeat
67583,0.000171527,7.22E-15,1,1,0.905,1.11E-16,0.000171527,9.40E-15,-1,1,1,1.11E-16,-0.25,0.75,-0.25,-0.25,NA,"Histone deacetylase complex, SIN3 component",Paired amphipathic helix
701471,0.001936341,3.02E-06,2.16,0.217417375,0.581,-0.5,0.001936341,7.17E-07,-2.16,1,1,7.85E-17,-0.165,1.5,-0.665,-0.665,NA,Predicted E3 ubiquitin ligase,"Zinc finger, C6HC-type"
707325,0.199992083,0.661,0.5,0.032773881,0.0342,-1,0.199992083,0.575,-0.5,1,1,0,0.625,0.125,-0.375,-0.375,NA,Predicted heme/steroid binding protein,Cytochrome b5-like heme/steroid binding domain
709315,0.006730975,0.00151,2.29,1,0.905,1.67E-16,0.017358192,0.0192,-1.79,0.367869898,1,0.5,-0.323,1.47,-0.823,-0.323,Adenosinetriphosphatase.,"Multidrug resistance-associated protein/mitoxantrone resistance protein, ABC superfamily",ABC transporter-like
710426,0.199992083,0.661,0.5,0.032773881,0.0342,-1,0.199992083,0.575,-0.5,1,1,0,0.625,0.125,-0.375,-0.375,NA,"Protein kinase C substrate, 80 KD protein, heavy chain","Glucosidase II beta subunit, N-terminal"
727852,0.042447566,0.149,1.79,0.021389603,0.0109,-2.2,0.042447566,0.115,-1.79,1,1,1.57E-16,1.2,0.795,-0.997,-0.997,Acting on peptide bonds (peptide hydrolases).,Hydrolytic enzymes of the alpha/beta hydrolase fold,Peptidase S28
747594,0.08723542,0.385,1,1,0.905,1.57E-16,0.025011967,0.0448,-1.5,0.334687451,1,-0.5,-0.5,1,0,-0.5,Carboxypeptidase C.,Serine carboxypeptidases (lysosomal cathepsin A),"Peptidase S10, serine carboxypeptidase"
77000,0.01962682,0.0368,1.79,1,0.905,-7.85E-17,0.01962682,0.0263,-1.79,1,1,-7.85E-17,-0.448,1.34,-0.448,-0.448,NA,"NAD+ ADP-ribosyltransferase Parp, required for poly-ADP ribosylation of nuclear proteins","Zinc finger, PARP-type"
796754,0.038355305,0.124,1.95,0.012894678,0.00183,-2.66,0.017449152,0.0194,-2.45,0.502328987,1,-0.5,1.26,1.05,-0.904,-1.4,Phenol 2-monooxygenase.,Monooxygenase involved in coenzyme Q (ubiquinone) biosynthesis,"Monooxygenase, FAD-binding"
811391,1,0.907,0,0.216644654,0.58,-0.5,0.000722776,1.08E-10,-2.7,0.000722776,1,-2.7,-0.973,1.22,1.22,-1.47,NA,DNA-dependent protein kinase,"Phosphatidylinositol 3-/4-kinase, catalytic domain"
818405,1,0.907,0,0.001967466,1.67E-08,-1.29,1,0.885,-1.57E-16,1,1,-1.57E-16,0.969,-0.323,-0.323,-0.323,NA,NA,Cgr1
834035,0.025011967,0.0597,1.5,0.334687451,0.719,-0.5,0.025011967,0.0448,-1.5,1,1,7.85E-17,0,1,-0.5,-0.5,NA,NA,F-box domain
836998,1,0.907,0,0.010010445,0.000626,2.08,0.004210681,8.62E-05,2.58,0.004210681,1,2.58,-0.271,-0.771,-0.771,1.81,NA,Mitochondrial carnitine-acylcarnitine carrier protein,Mitochondrial substrate/solute carrier
881385,0.000171527,7.22E-15,1,1,0.905,1.11E-16,0.000171527,9.40E-15,-1,1,1,1.11E-16,-0.25,0.75,-0.25,-0.25,NA,Inorganic phosphate transporter,General substrate transporter
881430,0.024910738,0.0593,1.9,1,0.905,1.57E-16,0.024910738,0.0445,-1.9,1,1,1.57E-16,-0.476,1.43,-0.476,-0.476,NA,NA,NA
886306,0.001967466,3.31E-06,1.29,1,0.905,1.18E-16,0.001967466,7.92E-07,-1.29,1,1,1.18E-16,-0.323,0.969,-0.323,-0.323,NA,NA,\N
89803,0.00200483,3.73E-06,2.66,0.073178257,0.2,1,0.013675633,0.00943,-1.66,0.073178257,1,1,-0.915,1.75,-0.915,0.0848,Adenosinetriphosphatase.,"Multidrug resistance-associated protein/mitoxantrone resistance protein, ABC superfamily",ABC transporter-like
902949,0.007262917,0.00192,2.08,0.334687451,0.719,-0.5,0.007262917,0.000944,-2.08,1,1,7.85E-17,-0.146,1.44,-0.646,-0.646,NA,NA,\N
921007,1,0.907,0,0.000171527,1.92E-14,1,0.000171527,9.40E-15,1,0.000171527,1,1,-0.25,-0.25,-0.25,0.75,NA,"Chromosome condensation complex Condensin, subunit G","Nuclear condensin complex subunit 3, C-terminal domain"
938896,2.40E-05,7.22E-15,3.06,0.003840494,3.38E-06,-1,2.40E-05,9.40E-15,-3.06,1,1,3.53E-16,-0.0162,2.05,-1.02,-1.02,NA,NA,NA
941439,0.000171527,7.22E-15,1,1,0.905,1.11E-16,0.000171527,9.40E-15,-1,1,1,1.11E-16,-0.25,0.75,-0.25,-0.25,NA,NA,NA
944148,0.334687451,0.776,0.5,0.025011967,0.0172,-1.5,0.334687451,0.717,-0.5,1,1,-1.57E-16,1,0,-0.5,-0.5,NA,Mitogen-activated protein kinase kinase (MAP2K),Protein kinase domain
949647,0.000171527,7.22E-15,1,1,0.905,1.11E-16,0.000171527,9.40E-15,-1,1,1,1.11E-16,-0.25,0.75,-0.25,-0.25,NA,Protein kinase,Protein kinase domain
9610,0.43963311,0.82,0.1,0.005321698,2.71E-05,0.573,0.014114597,0.0104,0.447,0.006424328,1,0.547,-0.181,-0.0553,-0.155,0.392,NA,NA,NA
971226,0.199992083,0.661,-0.5,0.032773881,0.0342,1,0.032773881,0.0695,1,0.199992083,1,0.5,-0.375,-0.375,0.125,0.625,NA,NA,NA
974749,0.009863927,0.00545,1.66,0.014556112,0.00295,-1.5,0.001382233,5.71E-08,-2.66,0.05720912,1,-1,0.21,1.37,-0.29,-1.29,Asparagine synthase (glutamine-hydrolysing).,Asparagine synthase (glutamine-hydrolyzing),Asparagine synthase
978067,0.006008117,0.00102,2.45,0.0055657,3.48E-05,-2.5,0.002776378,7.80E-06,-2.95,0.385249341,1,-0.5,1.01,1.47,-0.988,-1.49,5-methyltetrahydropteroyltriglutamate--homocysteine S-methyltransferase.,Methionine synthase II (cobalamin-independent),"Cobalamin-independent methionine synthase MetE, C-terminal/archaeal"
987277,0.334687451,0.776,0.5,0.025011967,0.0172,-1.5,0.334687451,0.717,-0.5,1,1,-7.85E-17,1,0,-0.5,-0.5,NA,Actin regulatory protein (Wiskott-Aldrich syndrome protein),WH1/EVH1 domain